,aaaa,aaag,aaac,aaat,aaga,aagg,aagc,aagt,aaca,aacg,aacc,aact,aata,aatg,aatc,aatt,agaa,agag,agac,agat,agga,aggg,aggc,aggt,agca,agcg,agcc,agct,agta,agtg,agtc,agtt,acaa,acag,acac,acat,acga,acgg,acgc,acgt,acca,accg,accc,acct,acta,actg,actc,actt,ataa,atag,atac,atat,atga,atgg,atgc,atgt,atca,atcg,atcc,atct,atta,attg,attc,attt,gaaa,gaag,gaac,gaat,gaga,gagg,gagc,gagt,gaca,gacg,gacc,gact,gata,gatg,gatc,gatt,ggaa,ggag,ggac,ggat,ggga,gggg,gggc,gggt,ggca,ggcg,ggcc,ggct,ggta,ggtg,ggtc,ggtt,gcaa,gcag,gcac,gcat,gcga,gcgg,gcgc,gcgt,gcca,gccg,gccc,gcct,gcta,gctg,gctc,gctt,gtaa,gtag,gtac,gtat,gtga,gtgg,gtgc,gtgt,gtca,gtcg,gtcc,gtct,gtta,gttg,gttc,gttt,caaa,caag,caac,caat,caga,cagg,cagc,cagt,caca,cacg,cacc,cact,cata,catg,catc,catt,cgaa,cgag,cgac,cgat,cgga,cggg,cggc,cggt,cgca,cgcg,cgcc,cgct,cgta,cgtg,cgtc,cgtt,ccaa,ccag,ccac,ccat,ccga,ccgg,ccgc,ccgt,ccca,cccg,cccc,ccct,ccta,cctg,cctc,cctt,ctaa,ctag,ctac,ctat,ctga,ctgg,ctgc,ctgt,ctca,ctcg,ctcc,ctct,ctta,cttg,cttc,cttt,taaa,taag,taac,taat,taga,tagg,tagc,tagt,taca,tacg,tacc,tact,tata,tatg,tatc,tatt,tgaa,tgag,tgac,tgat,tgga,tggg,tggc,tggt,tgca,tgcg,tgcc,tgct,tgta,tgtg,tgtc,tgtt,tcaa,tcag,tcac,tcat,tcga,tcgg,tcgc,tcgt,tcca,tccg,tccc,tcct,tcta,tctg,tctc,tctt,ttaa,ttag,ttac,ttat,ttga,ttgg,ttgc,ttgt,ttca,ttcg,ttcc,ttct,ttta,tttg,tttc,tttt
0,0,0,0,0,0,0,0,1,0,1,0,0,1,1,1,0,0,0,0,0,0,0,0,0,1,0,0,0,1,0,0,1,1,1,0,0,0,0,3,0,0,0,0,0,1,0,0,0,1,0,1,0,0,0,1,1,0,1,1,1,0,1,0,0,0,0,0,0,0,0,0,0,1,0,0,0,0,0,0,1,0,0,0,0,0,0,1,0,0,0,0,1,0,2,0,1,1,0,0,1,0,1,1,1,1,0,0,0,1,1,0,2,0,0,0,2,0,1,0,1,1,2,0,0,2,2,1,0,0,0,0,2,0,0,0,1,0,1,0,0,0,0,1,0,0,0,0,0,0,1,0,1,1,1,1,2,0,0,0,3,1,0,0,0,0,0,0,0,0,0,0,0,0,1,0,0,1,1,0,1,2,0,0,0,0,0,0,0,0,2,0,0,0,1,1,1,0,0,1,0,1,1,0,1,1,1,1,0,0,0,1,1,0,0,0,2,0,2,0,1,1,0,3,0,0,0,1,0,0,1,1,2,0,0,0,1,1,0,0,0,1,0,1,0,0,1,2,2,0,1,0,0,0,0,0,0
1,0,0,0,0,0,0,0,1,0,1,1,1,0,0,1,0,1,1,0,0,0,0,0,0,0,0,0,1,1,1,0,1,1,1,0,0,0,0,2,0,1,0,1,0,2,0,0,0,0,0,0,0,0,0,1,0,1,1,1,1,1,1,0,1,0,0,1,0,1,0,0,0,1,0,0,0,0,0,0,1,0,0,0,0,0,0,0,0,0,1,0,0,0,1,0,0,0,0,0,2,0,0,0,0,1,0,0,0,2,1,0,1,0,0,1,0,0,0,1,1,1,1,0,0,2,1,0,0,0,1,0,1,0,0,0,1,0,1,1,0,0,1,1,1,0,0,0,0,0,0,1,0,1,0,1,1,0,0,0,1,1,0,1,0,0,1,0,0,0,1,0,0,0,1,0,0,2,2,0,1,2,0,0,0,0,0,0,0,1,0,0,0,0,0,2,0,1,0,1,1,1,0,0,1,0,0,2,1,0,0,1,1,0,0,0,1,1,0,0,2,0,0,2,1,0,0,1,1,0,0,1,1,0,0,0,1,1,0,0,0,0,1,1,2,0,1,0,2,0,0,0,0,0,1,0,1
2,0,0,1,0,0,0,0,1,1,0,1,2,1,0,0,1,2,1,0,1,0,0,0,0,0,0,0,1,1,2,0,0,1,0,0,0,0,0,0,0,1,0,1,0,3,0,1,0,0,0,1,0,0,0,1,2,1,1,0,0,1,1,0,1,0,1,1,2,1,0,0,1,0,0,0,0,0,2,0,0,0,1,0,0,0,0,0,0,0,1,0,0,0,0,0,0,0,0,0,1,1,1,0,0,0,0,0,0,1,0,0,1,0,1,1,1,1,0,1,2,0,0,0,0,2,1,0,0,1,0,0,0,0,0,0,0,0,0,1,0,0,1,0,1,2,0,0,0,1,0,1,0,0,0,0,0,0,0,0,0,0,0,1,0,0,1,0,0,0,1,0,0,0,0,0,0,2,2,0,0,0,0,0,0,0,0,0,0,1,0,0,0,0,0,2,0,3,0,1,1,0,0,0,2,0,0,2,1,0,0,0,1,0,0,0,0,1,1,0,1,1,3,0,3,0,0,0,1,1,0,0,0,0,0,0,0,0,0,0,0,0,2,0,2,0,0,1,2,0,0,0,0,0,1,0,1
3,2,1,2,0,0,0,1,1,1,0,1,2,1,1,0,2,2,0,0,1,0,0,0,0,0,0,0,1,1,1,0,0,1,0,0,0,1,0,0,0,1,0,0,0,3,0,1,0,1,0,1,0,0,0,1,2,0,1,0,0,1,2,0,0,2,1,0,2,0,0,0,1,0,1,0,0,1,2,0,0,0,1,0,0,0,0,0,0,0,0,0,0,1,0,0,0,0,0,0,0,0,1,1,0,0,0,0,1,0,1,0,0,0,2,0,1,1,1,0,2,0,0,0,0,1,1,0,0,1,0,0,0,0,0,0,0,0,0,0,1,0,0,0,0,2,0,0,1,1,0,0,0,0,0,1,0,0,1,0,0,0,0,1,0,0,0,0,1,0,0,0,0,0,0,1,0,1,1,0,1,1,0,0,0,0,1,1,1,0,0,0,0,0,0,2,1,3,0,0,0,0,0,0,1,0,0,1,1,1,0,1,1,0,0,0,1,0,2,0,0,1,3,0,2,0,0,0,0,2,0,0,0,0,1,0,0,0,0,1,0,1,1,0,0,1,0,1,1,0,0,0,0,0,0,0,0
4,2,3,2,0,2,1,1,0,0,0,1,2,0,1,0,1,2,3,0,0,1,1,0,2,0,0,0,1,0,0,1,0,0,0,0,0,1,0,0,0,1,0,0,0,3,0,0,0,2,0,0,0,0,1,1,0,0,0,0,0,1,1,0,0,4,0,0,1,0,3,0,1,0,1,0,0,1,1,0,0,1,1,0,1,0,1,1,0,1,0,0,0,1,0,0,1,1,0,0,0,0,0,1,0,0,1,0,1,0,1,0,0,0,1,0,1,0,1,0,0,0,0,1,0,0,1,0,1,0,1,0,0,0,0,0,0,0,0,0,1,0,0,0,0,1,0,0,1,0,0,0,0,0,0,1,0,1,1,0,1,0,0,1,0,0,0,0,3,0,0,0,0,0,0,1,0,0,2,0,1,1,0,0,0,0,0,1,0,0,0,0,0,1,0,1,1,3,1,0,0,0,0,0,0,1,0,0,1,1,0,1,0,1,0,0,1,0,1,1,0,0,0,0,0,0,0,0,0,1,0,0,0,0,2,0,0,0,0,0,0,1,1,0,0,1,0,1,0,0,0,0,0,1,0,0,0
5,0,2,1,0,2,1,1,0,0,0,0,1,0,0,0,0,1,2,0,0,2,2,0,2,0,0,2,0,0,0,2,0,0,0,0,0,0,0,1,0,0,0,0,0,1,0,0,0,1,1,0,0,2,1,0,0,1,0,0,1,0,0,0,1,2,0,0,1,0,3,0,1,0,1,0,0,0,2,0,1,1,2,0,2,0,2,1,1,1,0,0,0,0,1,1,1,1,0,0,1,0,0,0,0,1,1,1,0,0,0,0,0,0,0,0,1,0,1,0,0,2,0,1,0,0,1,0,1,0,1,0,0,0,1,1,0,0,0,0,0,1,1,2,0,0,0,0,0,0,0,0,0,1,0,0,0,1,0,0,1,0,0,0,2,0,0,0,2,1,0,0,0,0,1,0,0,0,1,0,0,1,0,0,0,0,0,1,0,0,0,0,0,1,1,0,0,1,1,0,1,0,0,0,0,1,0,0,0,1,0,1,1,2,0,0,0,0,0,1,0,0,0,0,0,0,2,0,1,0,0,0,0,0,1,0,1,0,0,1,0,1,1,0,0,0,0,1,0,0,0,0,0,2,0,0,0
6,1,0,1,0,0,0,1,0,3,0,0,0,0,0,0,2,1,0,0,0,1,1,0,0,1,0,2,0,1,0,1,0,1,2,1,0,0,0,1,0,0,0,0,0,0,1,0,1,1,1,2,0,3,0,0,0,1,0,0,1,0,1,0,2,0,0,1,1,0,1,1,0,0,1,0,0,1,1,0,1,0,1,0,1,0,1,0,1,0,0,0,0,0,1,0,0,0,0,0,2,0,0,0,0,1,0,1,0,0,0,0,1,0,0,0,2,0,1,0,0,1,0,0,0,0,0,0,0,1,0,1,0,1,1,1,1,0,0,0,1,2,1,2,0,0,0,0,0,0,0,0,0,1,0,0,0,0,0,0,0,0,0,0,2,0,0,0,0,1,0,0,0,0,1,0,0,0,0,1,0,1,0,0,1,0,0,1,0,0,1,1,0,0,1,0,1,0,0,0,1,2,0,0,1,1,1,0,0,1,1,1,2,1,0,0,0,0,0,0,1,1,0,0,0,1,1,0,1,0,0,0,0,0,0,0,1,1,0,1,0,1,0,0,0,1,0,1,0,1,0,0,1,1,0,1,1
7,1,0,1,2,0,0,0,0,3,0,0,0,1,2,1,1,1,0,0,0,1,0,0,0,1,0,0,0,1,0,0,0,1,3,2,0,1,0,0,1,0,0,0,0,0,2,0,2,1,0,3,1,2,1,0,0,0,1,0,0,0,1,0,0,1,0,1,0,0,0,1,0,1,1,0,1,1,0,0,0,0,0,1,0,0,0,0,0,0,0,0,0,0,0,0,1,1,0,0,1,1,0,0,0,0,0,0,0,0,0,0,1,1,0,0,2,0,0,0,1,0,0,1,0,0,0,1,1,1,0,1,1,1,1,0,1,0,1,0,1,1,0,0,0,0,0,2,0,0,0,0,0,1,0,0,0,0,0,1,1,0,0,0,0,0,0,0,1,0,0,0,0,0,0,0,0,0,0,1,0,0,0,1,2,0,0,0,0,1,1,1,0,1,0,0,2,0,0,0,0,2,0,0,2,2,1,0,0,1,1,0,1,0,0,0,1,0,1,0,1,2,1,0,0,1,0,0,0,0,0,1,0,0,1,0,0,1,1,0,0,1,0,0,0,1,0,1,0,1,0,0,2,0,0,1,0
8,0,0,0,3,0,0,0,0,0,0,0,1,2,3,1,1,0,0,0,0,1,0,1,0,0,0,0,0,0,0,0,0,0,1,0,0,0,0,0,1,1,0,0,0,0,2,1,1,2,0,1,1,1,1,1,0,0,1,0,0,0,0,0,1,1,0,0,1,0,0,0,0,2,1,0,1,0,0,0,0,1,0,1,0,0,0,0,0,0,0,1,0,0,0,0,1,1,0,0,0,1,0,1,0,1,1,0,0,0,0,0,0,1,0,0,0,0,0,0,1,1,0,1,0,0,0,1,1,0,0,0,1,0,2,0,0,0,0,1,1,0,0,0,0,0,0,2,0,1,0,0,0,1,0,1,0,0,0,1,1,0,0,1,0,0,1,0,1,0,0,0,1,1,0,1,0,0,0,0,1,1,0,1,1,0,0,1,1,1,1,0,0,2,0,1,2,0,0,0,0,0,0,0,1,2,0,0,0,1,0,1,0,0,0,0,1,0,2,0,0,1,1,1,0,0,1,0,0,0,0,1,0,0,1,1,1,0,1,0,1,2,0,0,0,0,0,0,1,0,0,1,1,1,0,1,1
9,1,0,0,3,0,1,0,0,0,0,0,1,2,2,0,1,0,0,0,0,0,0,2,0,1,1,0,0,0,0,0,0,0,1,1,0,0,0,0,0,1,0,1,0,0,1,2,0,3,0,0,0,0,0,3,0,0,0,0,0,1,0,0,1,0,1,0,1,0,0,0,0,1,0,0,1,0,0,0,0,2,0,0,0,1,0,0,0,0,1,1,0,0,0,0,0,1,0,1,0,0,1,2,1,1,2,0,0,0,0,0,1,0,1,0,1,0,0,0,0,1,0,0,0,0,0,0,0,1,0,0,0,0,1,1,0,1,0,2,1,0,0,0,0,0,0,0,0,1,1,0,0,0,1,2,0,1,0,0,0,0,0,1,0,0,1,1,0,0,1,1,1,1,0,1,0,0,0,0,1,1,0,0,1,0,0,1,2,0,2,0,0,2,0,1,1,0,0,1,0,0,0,0,0,1,1,0,1,0,0,2,0,0,0,0,0,1,1,0,1,1,0,1,0,0,1,0,0,0,0,0,0,0,0,1,1,0,1,0,1,1,0,0,1,1,0,0,1,0,0,1,0,1,0,1,1
10,1,2,0,3,1,1,1,0,0,0,0,0,2,1,0,1,0,1,0,0,1,1,1,0,0,2,0,0,0,0,0,0,0,0,1,0,0,0,1,0,0,0,1,1,0,0,2,0,1,0,1,1,0,0,2,0,0,0,0,0,1,0,1,0,3,1,0,0,0,1,0,0,0,0,0,2,0,0,0,0,2,0,0,0,1,0,0,1,0,1,0,0,0,0,0,1,1,0,1,0,1,1,1,2,1,1,0,1,0,0,0,1,1,1,0,1,0,0,0,0,0,0,0,0,0,1,0,0,1,0,0,0,0,1,0,0,1,0,2,0,0,0,0,0,0,0,1,0,0,1,0,0,0,2,2,0,2,0,0,0,0,0,1,0,0,0,2,0,0,1,1,0,0,1,1,0,0,0,0,0,2,0,0,1,0,1,0,2,0,1,0,0,1,0,0,1,0,0,1,0,0,1,0,0,1,1,0,1,2,0,2,0,0,0,0,0,1,0,0,1,1,0,0,0,0,1,0,0,0,0,1,0,0,0,0,0,0,2,0,0,0,0,0,1,2,0,0,0,1,0,0,0,0,0,0,0
11,2,2,0,3,1,0,1,0,0,0,0,0,2,1,0,2,0,1,0,0,1,1,0,0,0,1,0,0,0,0,0,0,0,0,0,0,1,0,1,0,0,0,0,1,0,0,1,1,1,0,2,1,0,0,1,0,1,0,1,0,0,1,1,0,3,0,0,0,1,1,0,0,0,1,0,1,0,0,2,0,1,0,0,1,1,0,0,1,0,0,0,0,0,0,0,1,1,0,0,0,1,0,1,1,1,0,0,1,0,0,0,0,1,0,0,0,0,0,1,0,0,0,0,0,0,2,0,0,2,0,0,0,0,1,0,0,0,0,1,0,0,0,0,0,0,0,1,1,0,0,0,0,0,1,2,0,1,0,0,1,0,0,1,0,0,0,0,1,0,0,0,1,1,1,2,0,0,0,0,1,2,0,0,0,0,1,1,1,0,1,0,0,0,0,0,2,0,0,0,0,0,1,0,1,2,0,0,0,2,1,1,0,0,1,0,0,1,1,0,0,0,1,0,0,1,1,0,0,0,0,1,0,0,1,1,0,0,1,0,0,0,0,0,0,2,1,0,1,1,0,0,0,0,0,0,0
12,2,0,0,2,0,0,0,0,0,0,0,1,1,2,0,2,1,0,1,0,0,0,0,0,0,0,0,0,0,0,0,0,0,0,0,0,0,0,0,0,0,0,0,0,0,1,1,1,2,0,1,0,0,0,2,0,1,1,1,0,0,2,0,1,0,0,1,0,2,0,0,0,1,0,0,1,0,0,2,0,0,1,0,1,1,0,0,0,0,0,1,0,0,0,0,0,2,0,0,0,0,2,2,0,0,0,0,3,0,0,0,0,0,0,0,0,0,0,1,0,0,0,0,0,0,1,0,0,2,0,0,1,0,0,0,0,0,0,0,0,0,0,1,0,0,0,1,0,1,0,1,0,0,0,2,0,0,0,0,1,0,0,0,1,0,0,0,1,0,0,0,2,2,1,2,0,0,0,0,3,0,0,2,0,0,0,3,0,0,1,0,0,0,0,0,2,0,0,0,0,0,0,0,1,2,0,0,1,0,1,0,0,0,1,0,0,2,4,0,0,0,1,0,0,1,0,0,0,1,0,0,0,1,1,2,0,1,0,0,0,0,0,0,0,1,1,1,1,0,0,0,1,0,0,1,1
13,0,0,0,0,0,0,0,0,0,0,0,2,1,2,0,1,1,0,0,0,0,0,1,0,0,0,0,0,0,0,0,0,0,0,0,1,0,0,0,0,1,0,0,0,0,1,2,0,3,0,0,1,0,0,2,0,0,1,0,0,0,1,0,3,0,0,1,1,1,0,0,0,2,0,0,0,0,0,0,0,1,1,0,0,0,0,0,0,0,0,2,0,0,0,0,0,1,0,0,0,0,2,2,0,1,1,0,2,0,0,0,1,0,0,0,0,0,0,0,0,1,0,0,0,0,0,0,0,0,0,0,1,0,1,0,0,0,0,1,1,0,0,1,1,0,0,1,0,2,0,1,0,0,0,2,1,0,0,0,0,0,0,1,1,0,1,0,0,0,0,0,2,2,1,1,0,0,0,0,3,1,0,2,0,0,0,3,0,0,1,0,0,0,0,1,2,0,0,0,0,0,0,0,0,3,0,0,2,0,0,1,0,0,0,0,0,1,4,0,0,0,0,1,0,0,1,0,0,1,0,1,0,1,0,2,0,1,0,0,0,0,0,0,1,0,0,1,1,0,1,0,1,1,0,2,2
14,0,2,0,1,1,1,1,0,0,0,0,1,1,2,0,0,1,0,0,0,0,0,2,0,1,1,0,0,0,0,0,0,1,0,1,0,0,0,0,0,1,1,0,0,0,1,2,0,2,0,0,1,0,0,3,0,0,0,0,0,1,0,0,1,1,1,0,1,0,0,0,0,1,0,0,1,0,0,0,0,2,0,0,0,1,0,0,0,0,1,1,0,0,0,0,0,1,0,1,0,0,1,2,1,1,2,0,0,0,0,0,2,0,1,0,1,0,0,0,0,1,0,0,0,0,0,0,0,2,0,0,0,0,1,0,0,1,0,2,1,0,0,0,0,0,0,0,0,1,1,0,0,0,1,3,1,1,0,0,0,0,0,1,0,0,1,1,0,0,0,0,1,1,0,0,0,0,0,0,1,1,0,0,1,0,0,1,1,0,2,0,0,0,0,1,1,0,0,1,0,0,0,0,0,2,1,0,2,0,0,2,0,0,0,0,0,1,1,0,1,1,0,1,0,0,1,0,0,0,0,1,0,0,0,1,0,0,1,0,0,0,0,0,2,1,0,0,1,0,1,0,0,1,0,1,1
15,0,1,0,1,1,1,1,0,0,0,0,0,0,2,0,0,1,0,0,0,0,0,1,0,1,1,1,0,0,0,0,0,0,0,1,0,0,0,0,0,0,1,0,0,0,0,2,0,1,0,0,0,0,0,4,0,0,1,0,0,1,0,0,1,1,1,0,0,0,0,1,0,1,0,0,2,0,0,0,0,1,0,0,0,1,0,0,0,0,1,0,0,0,0,0,0,1,0,1,1,0,1,2,1,1,2,0,1,0,0,0,2,0,1,0,1,0,0,0,0,0,0,0,1,0,0,0,0,1,0,0,0,0,0,0,0,1,0,1,0,0,1,1,1,0,0,2,0,0,1,0,0,0,1,3,1,1,0,0,0,0,0,0,2,1,0,2,0,0,0,0,1,1,1,1,0,0,0,0,1,1,0,0,1,0,0,2,1,0,2,1,0,0,0,0,1,0,0,1,0,0,0,0,0,1,1,0,1,0,1,1,0,0,0,0,0,2,1,0,1,1,0,1,0,0,0,0,0,1,0,0,0,1,1,1,1,0,1,0,1,0,0,0,1,1,0,0,1,0,0,2,0,0,0,1,1
16,2,0,2,0,0,0,0,0,1,0,0,1,2,2,0,1,1,0,1,0,0,0,0,0,0,0,2,0,0,1,0,0,3,0,0,0,0,0,0,0,0,0,0,0,0,0,2,0,2,1,0,0,0,0,2,1,0,1,0,0,0,0,0,2,0,0,0,1,0,0,1,1,2,0,0,1,0,0,0,0,0,0,0,0,0,0,0,0,0,0,0,0,0,0,0,0,0,0,0,1,0,0,1,0,0,1,0,2,0,0,0,1,1,1,0,0,0,0,0,2,0,0,0,2,0,0,0,0,2,0,0,1,1,0,0,0,0,0,0,0,0,0,1,1,0,0,2,0,0,0,0,0,0,0,1,1,0,1,0,0,0,0,0,1,1,0,1,0,0,0,0,1,1,1,2,0,0,0,0,1,2,0,0,0,0,1,2,1,0,2,1,0,0,0,0,2,1,0,1,0,0,0,0,0,1,0,0,0,0,2,0,0,0,0,0,0,1,1,0,0,2,0,2,0,0,1,0,0,1,0,0,1,1,1,1,1,0,1,0,2,0,0,0,0,0,0,1,1,1,0,2,0,0,0,2,1
17,1,0,2,0,0,0,0,0,2,1,0,1,2,1,0,1,1,0,1,0,0,0,0,0,0,1,1,0,0,1,0,0,2,1,1,0,0,0,0,1,0,0,0,0,0,0,1,1,1,1,0,1,1,0,1,1,0,0,0,0,0,0,0,2,0,0,0,1,0,0,0,1,1,0,0,0,1,1,0,0,0,0,0,0,0,0,0,0,0,1,0,0,0,0,0,0,0,0,0,0,0,1,2,1,0,0,1,1,0,0,1,1,2,1,0,0,0,0,0,2,1,0,0,1,0,0,0,0,1,0,1,1,1,0,1,0,0,0,0,1,0,0,0,1,0,0,0,0,0,0,1,0,0,1,1,1,1,1,1,0,0,0,0,0,0,0,1,0,0,2,1,0,0,0,1,0,0,0,0,0,1,0,0,0,1,1,0,2,0,1,1,1,0,0,1,1,1,0,1,0,1,0,0,0,0,1,0,0,0,1,0,2,0,0,0,0,0,1,0,1,2,0,1,0,1,1,0,1,0,0,0,1,0,0,1,0,0,1,1,1,0,0,1,0,1,0,1,0,1,0,1,0,1,1,1,0
18,0,0,0,1,0,0,0,0,1,1,0,0,1,1,1,0,0,0,1,0,0,0,0,0,0,1,0,0,0,0,0,0,0,1,2,0,0,0,1,1,0,0,0,0,0,0,0,3,1,1,0,1,1,0,1,1,1,0,0,0,1,0,0,1,0,0,0,0,0,0,0,0,1,0,0,1,1,1,0,1,0,0,1,0,0,0,0,0,1,1,0,0,0,0,0,0,1,0,0,0,0,1,2,2,0,1,1,0,0,0,0,1,1,0,0,0,1,1,0,0,1,0,0,0,1,0,0,1,1,0,1,1,0,0,1,0,0,0,0,2,0,0,0,1,0,0,0,0,0,0,2,0,0,2,1,1,1,1,1,1,0,0,0,0,0,1,1,1,0,2,1,0,0,0,0,0,0,0,0,0,0,0,1,0,1,0,0,0,0,0,1,3,0,0,1,1,1,0,0,0,1,1,0,0,1,1,0,0,0,0,0,3,1,0,0,0,0,1,1,0,0,1,0,1,2,0,0,1,0,0,0,0,0,0,1,0,0,1,1,0,0,0,2,1,1,0,0,1,0,0,1,1,1,2,1,2
19,1,0,1,1,1,0,0,0,0,0,1,0,1,2,1,0,0,1,1,0,0,0,0,0,0,1,0,0,0,0,0,0,0,0,2,0,0,0,1,0,1,0,0,1,0,0,0,2,1,2,0,0,1,2,0,1,1,1,0,0,1,0,0,0,0,1,0,1,0,0,0,0,2,0,0,1,1,0,0,1,1,0,1,0,0,0,0,0,1,1,0,0,1,0,0,0,2,0,0,1,0,1,2,1,0,1,1,0,0,0,0,0,0,0,0,1,1,1,0,0,0,0,0,0,1,0,0,1,2,0,0,1,0,0,0,0,0,0,1,1,0,1,1,0,1,0,0,0,1,0,0,1,1,2,1,0,0,1,0,1,0,0,0,1,0,1,0,1,0,1,0,0,0,0,0,1,0,0,0,0,0,0,1,0,0,0,0,0,0,0,0,3,0,0,0,1,1,0,1,0,0,1,0,0,1,1,0,0,0,0,1,2,1,0,2,0,0,0,1,0,0,1,0,1,1,0,0,0,1,0,1,0,0,0,0,0,0,1,0,0,0,0,1,1,1,0,0,1,0,1,0,1,0,2,2,2
20,2,1,2,0,1,1,0,0,0,1,2,0,0,1,0,1,2,1,0,0,0,0,0,1,0,1,0,0,0,0,0,0,0,0,1,0,0,0,0,1,2,0,0,2,0,0,0,0,1,1,0,0,1,2,0,0,0,2,0,0,3,0,0,0,2,1,0,1,1,0,0,0,1,0,1,0,1,0,0,0,1,0,0,0,0,0,0,0,1,1,1,0,1,0,0,1,1,0,0,2,0,1,2,0,0,1,1,0,0,0,0,1,0,0,0,1,0,0,0,0,1,0,0,0,0,0,0,1,1,0,0,0,0,0,0,0,0,0,1,0,0,1,2,2,1,0,1,0,1,0,0,1,1,1,1,1,0,0,1,0,0,0,0,2,1,1,0,0,0,1,0,0,0,0,0,2,0,0,0,0,0,1,0,0,0,0,0,0,1,1,0,1,0,0,1,1,1,0,1,0,0,0,0,0,1,1,0,0,0,0,0,1,0,0,3,0,1,0,0,0,0,0,0,0,0,0,0,1,1,0,2,0,0,0,0,0,0,1,0,0,1,1,0,1,0,0,1,0,0,1,0,1,0,0,2,0
21,1,1,1,1,0,1,0,1,0,1,1,2,0,1,1,2,1,0,0,0,0,0,0,1,0,0,0,1,1,0,0,2,1,0,0,0,0,0,1,1,1,0,0,1,2,0,0,0,1,0,0,0,1,0,0,0,1,2,0,1,4,0,0,0,2,0,1,0,0,0,1,0,1,0,1,0,0,0,0,0,0,0,0,0,0,0,0,0,0,0,1,0,0,0,0,1,1,0,0,1,0,0,0,0,0,1,0,0,0,1,0,1,0,0,1,0,0,0,0,0,1,0,0,0,1,1,1,1,0,1,0,1,0,0,0,0,0,0,0,0,0,0,2,2,1,0,1,0,0,0,0,0,1,0,0,1,0,0,1,0,0,0,0,1,1,0,0,0,0,0,0,0,0,0,0,1,0,2,0,0,1,1,0,1,0,0,0,0,1,1,0,0,0,0,2,2,1,0,0,2,0,1,0,0,1,0,1,0,1,1,1,0,0,0,1,0,1,0,0,0,0,0,0,1,0,0,0,2,1,0,1,0,0,0,0,0,0,2,0,0,3,1,0,2,1,0,1,0,1,0,0,1,0,0,1,0
22,1,1,1,1,1,2,0,1,1,0,2,2,0,1,1,1,1,0,0,0,0,0,1,1,0,0,0,1,1,0,0,2,2,0,1,1,0,0,2,1,0,2,0,0,2,0,0,0,0,0,0,0,1,0,0,0,1,1,0,0,1,0,0,1,2,1,1,0,0,0,1,0,2,1,0,0,0,0,0,0,1,0,0,0,0,0,0,0,0,1,0,0,1,0,0,0,1,0,0,0,1,0,0,0,0,1,0,0,0,1,0,0,1,0,1,0,1,0,0,0,0,0,0,0,2,1,1,1,0,2,1,1,0,0,0,0,0,1,0,0,0,0,1,1,1,0,1,0,1,0,0,0,1,0,1,0,0,1,0,1,0,0,0,0,0,1,1,1,0,0,0,0,0,0,0,0,0,2,0,0,1,0,0,1,0,0,0,0,0,0,0,0,1,0,2,1,0,0,0,2,1,1,0,0,0,0,0,0,1,1,2,0,0,0,0,0,0,0,0,0,0,0,0,2,1,0,0,1,1,0,0,0,0,0,0,0,0,1,0,0,3,0,1,0,1,0,0,1,1,0,0,0,1,1,0,1
23,2,1,1,3,1,2,0,0,1,0,2,0,2,0,0,2,1,0,0,0,0,0,2,2,0,1,0,0,0,0,0,0,1,0,1,1,0,0,1,1,1,2,0,0,1,0,0,2,0,2,1,1,0,0,0,0,0,0,0,0,1,1,0,2,1,1,0,0,0,0,0,0,1,1,0,1,0,0,0,0,1,0,0,0,0,0,0,0,1,1,0,0,1,0,1,0,1,0,0,1,1,0,0,0,0,1,0,0,0,0,0,0,1,0,0,0,1,0,0,0,1,0,0,0,1,0,0,1,1,1,0,1,0,0,0,0,0,1,0,1,1,0,0,1,0,0,1,0,1,0,0,0,1,0,1,0,0,1,0,1,1,0,0,0,0,1,1,1,0,0,0,0,0,0,0,0,1,0,0,0,0,0,0,0,0,0,0,0,1,0,0,1,3,0,2,0,0,2,1,0,1,0,0,1,1,0,0,1,0,0,2,0,0,0,0,0,0,0,0,0,0,0,0,1,0,0,1,0,0,0,0,0,0,0,0,0,0,0,0,0,3,1,1,1,1,0,0,1,0,0,0,0,3,1,0,2
24,2,1,1,4,1,0,0,1,0,0,2,0,2,0,1,3,0,0,0,1,0,0,1,2,0,1,0,0,0,0,1,0,1,0,1,0,0,0,0,0,2,0,0,0,1,0,0,3,1,2,1,1,0,0,0,0,0,1,0,0,1,2,0,2,1,0,0,0,0,0,0,0,0,0,0,2,0,0,0,1,0,0,0,0,0,0,0,0,1,0,0,0,0,0,1,1,0,0,0,1,0,0,0,1,0,0,0,0,0,0,0,0,1,0,0,0,0,0,0,0,2,0,0,1,0,1,0,1,1,1,0,1,0,0,0,0,0,0,1,1,2,0,0,0,0,0,1,0,0,0,0,0,0,0,0,0,0,0,0,1,2,0,0,0,0,0,0,0,0,0,0,0,0,0,0,0,1,0,1,0,0,0,0,0,0,0,0,0,1,1,0,1,3,0,1,1,0,3,1,0,2,0,0,1,1,0,0,1,1,0,1,0,0,0,0,0,0,0,0,0,1,0,1,0,0,0,1,1,1,0,0,0,0,0,0,0,1,0,0,0,2,2,1,1,2,0,0,2,0,0,0,0,4,0,0,1
25,1,1,1,1,1,0,0,1,0,0,1,0,0,0,1,2,0,0,0,1,0,0,0,1,0,0,0,0,0,1,2,0,2,0,1,0,1,1,1,1,2,0,1,0,0,0,0,1,1,1,0,0,0,0,0,0,0,1,1,0,0,1,0,2,1,0,0,0,0,0,0,0,1,1,0,1,0,0,0,1,0,0,0,0,0,0,0,0,0,1,0,0,0,0,0,2,0,0,1,0,1,0,0,0,0,0,0,0,0,0,0,1,1,0,0,1,0,1,0,0,1,1,0,1,0,0,0,2,1,1,0,1,0,0,0,1,0,0,2,0,1,0,1,0,0,0,3,0,0,0,0,1,1,0,0,1,1,0,0,0,1,1,0,1,0,0,0,0,1,0,0,0,0,0,1,0,0,0,1,0,0,0,0,0,0,1,0,0,0,1,0,1,1,0,0,1,0,1,0,1,2,2,0,0,1,0,0,0,1,0,0,0,0,0,1,0,0,0,0,0,1,0,1,0,0,0,0,1,2,0,1,0,0,0,0,1,1,0,0,0,0,1,3,0,1,0,0,2,0,0,0,0,4,0,0,1
26,1,0,0,1,0,0,0,1,0,0,0,0,0,0,0,4,0,0,0,0,0,0,0,0,0,0,0,0,3,1,1,0,1,0,0,1,2,1,1,1,1,0,0,1,0,0,0,0,2,1,1,0,0,0,0,0,0,0,1,0,2,0,0,2,0,0,0,0,0,0,0,1,1,2,0,0,0,0,0,0,0,0,0,0,0,0,0,0,1,1,0,0,0,0,0,1,0,0,1,1,1,0,0,0,0,0,1,0,0,0,0,1,1,0,1,2,0,1,0,0,0,1,0,0,0,1,0,1,0,0,0,1,0,0,0,2,0,0,1,0,2,0,1,0,0,1,3,0,0,0,0,1,1,0,0,1,1,0,0,0,0,2,0,0,0,0,0,0,0,1,0,0,0,1,1,0,0,0,0,0,0,0,1,0,0,1,0,0,0,0,0,1,1,1,0,2,0,0,0,1,1,3,1,0,2,0,0,0,0,0,0,0,0,0,2,0,0,0,1,0,0,0,0,1,0,0,0,0,1,0,1,0,1,0,0,1,0,0,0,0,1,0,3,0,0,1,0,1,0,0,1,0,2,1,1,1
27,2,0,1,1,0,0,0,1,1,0,1,0,0,0,0,3,1,1,0,0,0,0,0,0,0,0,0,0,3,0,0,2,0,1,1,1,2,0,0,0,1,0,0,1,1,0,0,0,3,0,1,0,0,0,0,1,0,0,1,0,3,0,1,1,1,0,0,0,0,1,0,2,1,1,0,0,1,0,0,0,0,0,0,1,0,0,0,0,1,0,0,0,0,0,0,0,0,0,0,1,0,0,0,0,0,0,1,0,0,0,0,0,1,0,1,2,0,1,0,1,0,0,0,0,2,1,0,0,0,0,0,0,0,0,0,2,0,1,0,1,2,1,0,0,0,2,2,0,0,0,0,0,0,0,0,0,0,0,0,0,0,1,1,1,1,0,0,0,0,1,0,0,0,2,0,0,0,0,0,1,0,0,1,1,0,0,0,0,0,0,0,0,1,1,1,2,2,0,0,0,1,1,1,0,1,0,1,2,0,0,0,0,1,0,1,0,0,0,1,0,1,2,0,1,0,0,0,0,0,0,0,0,2,0,0,1,0,0,0,0,1,2,1,1,0,1,0,1,0,0,1,0,0,1,0,0
28,2,0,1,1,0,0,0,0,1,0,1,1,0,0,1,0,1,1,0,0,0,0,0,1,1,0,0,0,0,0,0,3,0,2,1,0,1,0,0,0,1,0,0,0,1,1,1,0,2,0,1,1,0,1,0,1,0,1,1,0,1,0,1,0,1,0,0,0,0,1,0,1,0,0,0,0,1,0,0,0,0,0,0,1,0,0,0,0,0,0,0,0,0,1,0,1,0,1,0,1,0,0,0,0,0,0,0,1,0,1,0,0,0,0,0,2,0,1,1,2,0,0,0,0,2,0,1,1,1,0,0,0,0,0,1,2,1,1,0,1,1,1,0,0,0,1,0,0,0,0,0,0,0,0,1,0,0,0,0,0,1,0,1,1,0,0,0,0,0,0,0,0,0,1,0,1,0,0,0,1,0,0,0,3,1,0,0,0,0,0,0,1,0,0,2,0,2,0,0,0,0,0,0,1,1,1,1,2,0,0,0,0,1,0,0,1,1,0,0,1,2,3,0,0,0,0,1,0,0,0,1,0,2,0,0,1,0,0,0,0,0,2,0,2,0,0,1,0,0,0,2,0,1,1,0,1
29,1,0,0,1,0,0,0,0,0,0,1,1,0,0,1,0,0,0,0,0,0,0,0,0,1,0,0,1,0,0,0,3,0,1,0,0,0,1,0,0,0,0,1,0,0,1,1,0,2,0,2,1,0,1,0,0,0,1,1,0,0,0,1,0,0,0,0,0,0,0,0,1,0,0,0,0,0,0,1,0,0,0,0,0,0,0,0,0,0,0,0,0,0,0,0,1,0,1,0,1,0,0,0,0,0,0,0,1,0,1,0,1,0,0,0,2,0,0,1,1,0,0,0,1,0,2,2,2,1,0,0,0,0,0,2,2,1,0,0,0,1,0,0,1,0,0,0,0,0,0,0,0,0,0,1,0,0,0,0,0,1,1,0,0,0,0,0,0,1,0,1,1,0,0,1,1,0,0,0,0,1,0,0,3,2,0,0,0,1,0,0,1,0,0,2,0,0,0,0,0,0,1,0,1,3,1,0,0,0,1,0,1,0,0,0,1,1,0,0,1,2,2,1,1,0,1,1,1,0,0,1,0,1,0,1,0,0,2,0,0,0,0,0,2,1,0,1,2,1,0,1,1,1,2,0,2
30,2,3,0,0,1,0,0,2,1,0,1,1,0,0,0,0,0,1,0,0,0,1,0,0,0,0,0,1,1,1,1,3,2,0,0,0,0,1,0,0,0,0,1,0,0,1,0,0,1,0,1,0,0,0,0,0,0,0,1,0,1,0,1,0,0,0,2,0,0,0,0,2,0,0,0,0,0,0,1,1,0,0,0,1,0,0,0,1,0,0,0,0,0,0,0,0,0,0,0,0,0,0,0,1,0,0,0,0,0,0,0,2,1,1,0,1,0,0,1,1,0,1,0,0,1,2,1,1,2,0,0,0,0,0,1,1,0,0,0,0,0,0,0,1,0,0,0,0,1,0,0,0,0,1,0,0,1,0,0,0,0,1,0,0,0,0,0,0,1,0,1,1,0,0,1,0,0,0,0,0,3,0,0,1,1,0,0,0,1,0,0,1,1,0,1,0,0,1,0,1,1,1,0,0,2,0,0,0,2,1,0,1,0,0,0,0,0,0,0,1,1,1,0,1,0,1,0,1,0,0,1,0,0,0,1,0,0,2,0,0,0,1,1,1,1,0,0,2,1,0,0,2,0,1,1,1
31,2,3,1,0,1,1,1,2,1,1,1,1,0,0,0,0,0,1,0,0,0,2,0,0,0,0,0,1,1,1,1,1,3,0,0,0,0,0,1,0,0,0,1,0,0,2,0,0,0,0,1,0,0,0,1,0,0,0,0,0,1,0,0,0,0,1,2,0,0,0,0,1,1,0,0,0,0,0,0,0,0,0,0,0,0,1,1,2,0,1,0,0,1,1,0,0,2,0,0,0,0,1,3,1,0,1,0,0,0,1,0,1,1,1,0,1,1,0,1,0,0,1,0,0,1,0,0,0,3,1,1,0,0,0,0,0,0,0,0,0,0,0,0,0,1,0,0,0,0,1,0,0,2,4,1,0,1,0,0,0,0,0,0,0,1,0,0,0,0,0,0,1,0,0,1,0,0,0,0,1,2,0,1,0,0,0,0,1,0,0,0,1,1,0,0,0,0,1,0,1,1,0,0,1,1,1,0,0,2,0,1,0,0,0,0,0,0,2,0,1,0,0,0,0,0,0,0,0,0,0,1,0,0,0,0,0,1,1,0,0,0,1,1,0,0,0,0,0,0,0,0,1,0,0,1,0
32,1,0,2,0,1,1,1,0,1,1,1,1,0,0,0,0,0,0,0,1,0,1,0,0,0,0,1,1,0,0,0,1,1,1,0,0,0,0,2,1,0,0,1,0,1,1,0,0,1,0,3,0,0,0,1,0,1,0,0,0,0,0,0,0,0,1,0,0,0,0,0,0,1,0,0,0,0,0,1,0,0,0,0,0,0,1,1,1,0,1,0,0,0,1,0,0,2,0,0,0,0,1,3,0,0,2,0,1,0,1,0,1,1,0,0,0,1,0,0,0,1,0,1,0,1,1,0,0,1,1,1,0,0,0,1,1,0,0,0,0,1,0,0,0,1,0,0,0,0,1,0,0,2,3,2,1,0,0,0,1,0,0,0,0,1,0,1,1,0,1,0,1,0,1,1,0,1,0,0,1,0,0,1,2,0,0,0,1,1,0,0,0,1,1,1,0,0,0,0,0,0,2,0,1,3,0,0,0,0,0,1,0,0,0,0,0,0,2,0,0,1,0,2,0,0,1,0,1,0,0,0,0,0,0,1,0,1,0,0,0,0,0,0,2,0,0,0,1,0,0,0,0,0,0,0,0
33,1,0,1,0,1,0,0,0,1,0,0,2,0,1,0,1,1,0,0,1,0,0,0,0,0,0,1,0,0,0,0,2,0,1,0,0,0,0,1,1,0,0,0,0,1,0,1,1,1,1,2,0,1,0,2,1,1,0,0,0,0,0,0,1,0,0,1,1,0,0,0,0,0,0,0,0,0,0,1,0,0,0,0,0,0,0,0,0,0,0,0,0,0,0,0,0,1,0,0,2,0,0,1,0,0,1,0,1,1,0,0,1,0,0,0,1,0,0,0,0,1,0,1,1,1,2,0,0,0,0,0,1,0,0,1,1,0,0,0,0,2,2,0,0,0,0,0,0,0,0,0,0,1,1,1,2,1,0,0,1,0,0,0,1,0,0,1,1,0,1,0,0,0,1,0,0,1,0,1,0,0,0,0,1,0,1,1,0,1,1,0,0,1,1,1,0,1,0,0,1,0,2,0,1,2,1,0,0,1,0,0,1,0,0,0,0,2,1,0,0,0,0,3,0,0,1,0,1,0,0,1,0,1,0,1,0,0,0,1,0,0,1,0,2,1,0,1,1,0,0,0,0,1,0,0,1
34,1,1,0,0,1,1,0,0,0,1,0,1,0,2,0,1,1,1,0,0,0,0,1,1,0,0,0,0,0,0,0,1,0,0,0,0,0,0,3,0,0,0,0,0,0,0,1,1,1,1,1,0,1,0,3,1,0,0,1,0,0,0,0,1,1,0,1,1,0,1,0,0,0,1,0,0,0,0,1,0,0,0,0,0,0,0,0,0,0,0,0,1,0,0,0,1,3,0,0,3,0,0,2,0,0,0,1,0,1,1,1,0,0,0,0,0,0,0,0,0,0,0,0,1,0,2,0,0,0,1,1,1,0,0,0,0,0,0,0,0,2,2,0,0,0,0,0,0,0,0,0,0,3,1,1,2,0,0,0,0,0,0,0,1,0,0,1,0,0,1,1,0,0,0,0,1,0,0,1,1,0,0,1,0,0,1,1,1,0,2,0,0,0,0,0,1,1,0,0,1,0,1,0,1,1,0,0,0,2,0,1,1,0,0,0,0,3,2,0,0,0,0,1,0,0,0,0,0,0,0,1,0,1,0,0,1,1,0,1,0,0,1,0,0,3,0,1,0,0,0,0,0,1,0,0,1
35,2,1,0,1,1,1,0,0,0,1,0,0,0,1,0,1,0,1,0,0,0,0,1,1,0,0,0,0,0,0,0,0,0,0,1,0,0,0,3,0,0,0,0,1,0,0,0,0,1,0,1,1,0,0,1,0,0,1,0,0,0,0,1,1,1,0,0,0,0,1,0,0,1,1,0,0,0,0,0,0,0,0,0,0,0,0,0,0,1,1,0,1,0,0,0,1,2,0,0,2,0,0,1,1,0,0,2,0,0,1,2,0,0,0,0,1,0,0,0,0,0,0,1,0,0,2,0,0,0,1,1,0,0,0,0,0,0,0,1,0,2,0,1,0,0,0,0,0,0,0,2,0,2,0,2,2,0,0,1,1,0,0,0,0,0,0,1,0,0,1,1,1,1,0,1,2,1,0,0,1,0,0,1,0,1,1,0,1,0,2,0,1,1,0,0,1,0,0,0,0,0,1,0,0,2,0,0,1,1,0,2,0,0,0,0,0,1,1,0,0,1,0,0,0,0,0,0,1,0,2,1,1,0,0,0,1,1,0,0,1,0,0,0,0,3,0,0,1,0,2,0,1,0,0,2,1
36,1,0,0,1,0,0,1,0,0,0,0,0,0,1,0,1,0,0,0,0,0,0,0,0,0,1,0,0,0,0,0,0,0,0,1,0,0,0,0,0,0,1,1,1,0,0,0,0,1,0,1,2,0,0,1,0,0,1,1,0,0,0,1,2,0,1,0,0,0,0,0,0,1,0,0,0,0,0,0,0,0,0,0,0,0,0,0,0,1,1,0,0,0,1,0,0,0,0,0,1,0,1,1,1,0,1,2,0,0,0,0,0,0,0,0,1,0,0,0,1,0,0,1,0,1,1,0,1,0,0,0,0,0,0,0,0,0,0,1,0,2,0,1,0,0,0,0,1,0,0,2,1,0,1,2,0,0,0,1,2,0,0,0,1,0,0,1,1,1,0,0,2,1,0,2,2,1,0,1,0,0,0,0,0,1,1,0,0,0,2,0,1,1,0,0,1,0,0,0,0,0,0,2,0,2,0,1,2,1,0,1,0,0,0,0,0,0,0,1,0,1,0,0,1,0,0,0,1,1,2,1,1,0,0,0,2,1,0,0,1,0,0,0,2,2,0,0,1,0,2,0,2,1,0,3,2
37,0,1,0,0,0,0,1,1,0,0,0,0,0,1,1,0,0,0,0,1,0,0,0,0,0,1,2,1,0,0,0,1,0,0,0,0,0,0,0,0,0,0,1,0,0,0,0,0,1,0,0,2,0,0,1,0,0,0,1,1,1,0,0,3,0,1,0,0,0,0,1,0,0,0,0,0,0,0,0,2,0,0,0,0,0,0,0,1,0,0,0,1,0,1,0,1,1,0,0,1,0,1,1,0,2,1,1,0,1,1,0,0,0,0,0,0,0,0,0,1,0,0,0,0,1,2,0,1,1,0,0,1,0,0,1,0,0,0,0,0,2,0,0,0,0,0,0,1,0,0,0,1,1,1,1,0,0,0,0,1,1,1,0,1,0,0,1,1,1,0,0,1,0,0,1,1,0,1,1,0,0,1,0,0,0,1,0,0,0,2,0,0,0,0,0,1,1,0,1,0,0,0,1,0,1,0,1,2,1,1,0,0,0,1,1,0,1,0,1,0,0,0,0,1,0,0,0,0,1,0,1,0,0,0,0,1,1,0,0,2,0,1,0,2,2,1,1,0,0,1,0,2,1,0,3,2
38,0,1,1,0,0,0,0,1,0,0,0,1,0,1,2,0,0,0,0,1,0,0,0,0,0,0,2,1,0,0,0,1,1,0,0,0,0,0,0,2,0,0,1,0,1,0,0,0,0,0,0,1,0,0,1,0,0,0,0,2,1,0,0,2,0,0,0,0,0,0,1,0,0,0,0,0,0,0,0,2,0,0,0,0,0,0,1,1,0,1,0,1,0,1,0,1,1,0,0,1,0,1,0,0,2,0,0,1,1,1,0,0,1,0,0,0,1,1,0,0,0,0,0,1,0,2,0,0,1,0,0,2,0,0,1,0,0,1,0,0,1,0,0,0,0,0,0,0,0,0,0,1,1,0,0,0,1,1,0,0,1,1,1,0,0,0,0,0,1,0,1,0,0,0,0,1,1,1,1,0,0,1,0,0,0,0,0,0,1,1,0,2,1,0,0,1,1,0,1,0,1,1,1,0,0,0,0,1,0,1,0,1,0,2,1,0,1,0,1,0,1,0,1,0,0,0,0,0,0,0,1,0,0,0,0,0,1,0,0,3,0,1,2,0,1,1,1,2,0,1,0,1,1,2,1,2
39,0,0,1,1,0,0,0,0,0,0,1,1,0,1,1,1,0,0,0,1,0,0,0,0,0,0,1,0,1,0,0,0,1,0,0,0,2,0,0,2,0,0,2,0,1,0,0,1,0,0,1,0,0,0,1,0,0,1,1,2,1,0,1,2,0,0,0,0,0,0,0,1,0,0,0,0,0,0,3,1,0,0,0,0,0,0,1,0,0,1,0,0,0,1,0,0,0,0,1,0,0,1,0,0,1,0,0,1,0,0,0,0,2,1,0,1,1,1,0,0,0,0,0,1,0,0,0,0,0,0,0,1,0,0,1,0,0,3,0,0,0,0,0,1,0,0,0,2,0,0,0,1,1,0,0,0,1,1,0,0,0,1,2,1,0,0,0,0,3,0,1,0,0,0,0,1,1,0,1,0,0,0,0,1,0,0,0,0,2,0,0,1,2,0,1,1,1,0,0,0,1,1,1,1,1,0,0,1,0,1,0,1,0,1,0,0,0,0,1,0,2,0,1,0,0,0,0,0,0,0,1,0,0,0,1,0,1,1,0,2,1,0,2,1,1,0,0,1,0,0,0,1,1,2,0,1
40,1,0,1,1,1,0,0,0,0,1,1,1,0,0,0,1,1,0,0,0,0,0,0,0,0,0,1,0,1,0,1,0,0,0,0,0,2,1,1,0,0,0,1,1,0,0,0,3,0,0,2,0,0,0,0,0,0,1,1,2,1,0,2,2,1,0,0,0,0,0,0,1,0,0,0,0,0,0,3,0,0,0,0,0,0,0,0,0,0,0,0,0,1,0,0,0,0,0,1,1,0,0,0,0,1,0,0,0,0,0,0,0,1,0,0,2,0,0,0,0,1,0,0,0,0,0,0,0,0,1,0,0,0,0,1,1,0,2,0,1,1,0,0,1,0,0,0,2,0,0,0,1,2,0,0,0,0,0,0,0,0,2,2,1,0,0,0,0,4,0,0,0,0,0,0,1,0,0,0,0,0,0,0,1,0,0,0,0,4,0,1,1,1,0,2,0,0,0,0,0,0,1,1,1,1,0,1,3,0,1,0,0,0,0,0,0,0,0,0,0,1,0,0,0,1,0,0,0,0,0,1,0,0,0,3,0,0,1,0,2,2,0,1,3,1,0,0,0,0,0,2,1,1,1,1,2
41,1,0,1,0,1,0,0,0,0,1,0,2,0,0,0,0,1,0,0,0,0,0,0,0,0,1,0,0,0,0,1,0,0,0,0,0,0,1,2,0,0,0,1,2,0,1,1,2,0,0,2,0,0,0,0,0,0,1,1,1,0,0,1,1,1,0,0,0,0,0,0,0,0,1,0,0,0,0,1,0,0,0,0,1,0,0,0,0,0,0,0,0,1,0,0,0,1,0,0,1,0,1,0,0,0,0,0,0,0,0,0,1,0,0,0,1,0,0,0,0,1,0,0,0,0,0,0,1,0,1,1,0,0,0,0,1,0,0,0,1,2,0,0,0,0,0,0,0,1,0,0,1,2,0,0,1,0,0,0,0,0,1,1,1,0,0,0,0,2,1,0,0,1,1,0,1,0,0,2,0,1,0,0,1,0,0,1,1,3,0,1,2,0,0,0,0,0,0,1,0,0,1,3,1,0,0,2,2,0,0,1,0,0,0,0,0,0,0,0,0,0,0,0,1,1,0,0,0,0,0,1,0,1,0,2,1,1,0,2,2,0,1,1,3,0,0,0,0,0,0,2,2,2,0,2,3
42,1,0,2,1,0,0,0,0,0,1,1,1,0,0,0,1,0,0,1,0,0,0,0,0,0,1,0,0,0,0,0,0,0,0,0,0,0,0,1,1,0,0,1,2,0,1,1,1,0,0,1,0,0,0,0,0,0,1,1,0,0,0,1,0,0,0,0,0,0,0,0,0,0,1,0,1,0,0,1,0,0,0,0,1,0,0,0,0,0,0,1,0,0,1,0,0,1,0,0,0,0,1,0,0,0,0,0,1,0,0,0,1,1,1,0,0,0,0,0,2,0,0,0,0,1,1,0,2,1,0,1,0,0,0,0,0,0,0,0,0,1,0,0,0,0,0,0,0,1,0,1,1,1,0,0,1,0,1,0,0,1,0,0,1,0,1,0,0,0,1,0,0,2,1,0,1,1,0,2,0,1,0,0,1,0,0,2,1,0,1,1,1,2,0,0,1,1,0,1,0,0,0,2,1,0,0,1,0,0,0,1,0,0,0,0,0,0,0,0,0,2,0,0,3,0,0,0,0,0,1,1,0,2,0,0,1,1,0,3,0,1,1,0,1,0,0,0,2,0,1,0,2,1,1,1,2
43,1,0,3,1,0,0,0,0,2,2,1,0,0,0,1,2,2,0,1,0,0,0,0,0,0,0,0,0,0,0,0,0,0,0,0,2,0,1,0,2,0,0,0,1,0,0,0,1,0,0,1,0,0,0,0,0,1,1,0,1,0,0,3,0,1,0,1,1,0,0,0,0,0,0,0,1,0,0,1,0,0,0,0,0,0,0,0,0,0,0,0,0,0,1,0,0,0,0,0,0,0,0,0,0,0,0,0,1,0,0,0,0,1,1,0,0,0,0,0,3,0,0,0,1,2,1,0,2,1,0,0,0,1,0,0,0,0,0,0,0,1,0,1,0,1,0,0,1,0,0,0,2,0,0,0,0,0,1,1,1,1,0,0,0,0,0,0,0,0,0,0,0,1,0,0,1,2,0,0,0,0,0,0,0,0,1,1,0,0,2,1,0,2,0,1,1,2,0,0,0,0,1,0,0,0,0,0,1,0,0,0,0,0,0,0,0,0,0,0,0,2,1,0,3,0,1,0,0,2,1,0,1,1,0,0,0,1,0,2,1,1,1,0,1,0,0,0,3,0,2,0,2,1,1,0,2
44,0,0,1,0,0,0,0,0,2,1,0,0,0,0,0,2,2,0,0,0,0,0,0,0,0,0,0,0,0,0,0,0,0,0,1,2,0,1,0,1,0,0,0,0,1,0,0,1,0,0,1,0,0,1,1,1,0,1,0,2,0,0,3,2,1,0,1,1,0,0,0,0,0,0,0,0,0,0,1,0,0,0,0,0,0,0,0,0,0,0,0,0,0,0,1,1,0,0,0,1,0,0,0,0,0,0,0,0,1,0,0,0,0,0,0,0,0,0,0,1,2,0,0,1,3,0,0,1,0,0,0,0,1,0,0,0,1,0,0,2,1,1,2,0,1,0,0,1,0,0,0,1,1,0,0,0,0,0,1,1,0,0,0,1,0,0,0,0,0,0,0,0,0,0,0,0,2,0,0,1,0,0,0,0,0,1,0,0,0,1,0,2,0,0,1,1,1,0,0,0,0,1,0,0,0,2,0,3,0,0,0,0,0,0,0,1,0,0,0,1,0,1,1,2,0,0,2,1,2,0,1,1,1,0,0,0,1,0,1,2,0,1,0,4,0,0,0,2,1,2,1,1,2,1,2,2
45,2,3,0,0,1,0,0,2,0,1,0,0,0,0,0,1,0,0,1,0,0,0,0,1,0,0,0,0,0,1,0,1,0,0,1,1,0,0,0,1,0,0,0,0,1,0,0,1,1,0,0,1,0,1,1,1,1,0,0,1,0,0,1,2,1,0,0,0,0,0,0,0,1,0,0,0,0,0,0,0,0,0,0,0,0,0,0,0,0,0,0,0,0,0,0,3,0,0,0,1,0,0,0,0,0,0,0,0,1,0,0,1,0,0,0,0,1,1,0,0,1,0,0,0,3,0,1,1,0,0,0,0,0,0,0,1,1,0,0,2,1,1,2,0,0,0,0,0,0,0,0,0,1,0,0,0,0,1,0,0,0,0,0,1,0,0,0,0,0,0,0,0,0,0,0,0,2,0,0,1,0,0,0,0,0,0,0,0,0,1,0,3,2,0,1,1,0,1,0,0,0,0,0,0,1,2,0,2,1,0,0,0,0,0,0,2,0,0,0,2,0,0,1,1,0,1,1,1,0,0,1,0,1,0,0,0,1,0,0,2,1,1,0,3,0,0,1,1,1,1,1,2,2,1,3,1
46,2,3,0,0,1,1,0,2,0,1,0,0,0,2,0,0,1,0,1,0,0,0,0,2,0,0,0,0,0,1,2,1,0,0,0,1,1,0,0,1,0,0,0,0,0,0,0,0,1,1,0,1,0,1,1,0,1,1,0,0,1,0,0,0,1,0,0,1,0,0,0,0,1,0,0,0,1,0,0,1,0,0,0,1,0,0,0,0,1,0,1,0,1,0,0,2,0,0,1,1,0,0,0,0,0,0,0,2,0,0,0,2,0,1,0,0,1,1,0,0,1,2,0,0,1,0,1,1,0,1,0,0,0,0,0,1,0,1,0,0,0,0,2,0,0,0,0,1,1,0,1,0,1,0,0,0,0,1,0,0,0,0,0,0,0,0,0,0,0,0,0,0,0,1,0,1,1,0,0,0,1,0,0,0,0,0,0,0,0,2,0,2,2,0,1,1,1,1,0,1,0,0,0,0,1,0,0,0,1,0,0,1,0,0,1,1,0,0,1,2,0,0,1,0,1,1,0,0,0,2,1,0,0,0,0,0,1,0,0,1,2,1,0,0,0,0,2,1,0,0,0,2,1,1,1,0
47,2,0,1,1,0,1,0,0,0,0,1,1,1,2,0,0,1,0,0,0,0,0,1,1,0,0,0,0,0,0,1,0,1,0,0,0,1,0,0,0,0,0,0,1,1,0,1,0,0,1,0,1,0,3,1,0,0,1,0,1,1,0,1,1,0,0,0,1,0,0,0,0,0,0,0,0,1,1,0,1,0,0,0,1,0,0,0,0,2,0,2,0,2,0,0,0,0,0,1,2,0,0,0,0,1,0,0,2,0,0,0,1,1,1,1,0,0,0,0,0,0,2,0,0,0,0,0,0,2,1,0,0,0,0,0,0,0,1,0,0,0,0,1,1,0,0,0,1,1,0,1,0,1,0,0,0,0,0,0,0,1,0,0,0,0,0,0,0,0,0,0,0,1,1,0,1,0,0,0,2,1,0,0,0,0,0,0,1,0,2,0,2,0,0,1,1,1,1,0,1,1,0,0,1,0,1,1,1,0,0,0,1,0,0,2,1,0,0,1,1,1,0,1,0,0,0,0,0,0,2,1,0,0,0,0,1,0,0,0,2,1,1,1,0,0,0,1,2,0,0,1,0,2,1,0,0
48,2,0,1,1,0,0,0,0,0,0,1,1,1,0,0,1,0,0,0,0,0,0,3,0,0,0,0,0,0,0,0,0,1,0,1,0,0,0,0,0,0,0,1,1,1,0,1,1,0,0,0,1,0,1,1,1,0,0,0,1,0,1,1,1,0,0,0,1,0,0,0,0,0,0,0,0,0,0,0,0,1,0,0,0,0,0,0,0,2,0,1,2,1,0,0,0,0,0,1,1,0,0,0,0,1,0,0,0,0,0,1,2,1,0,1,1,0,1,0,1,0,0,0,0,0,1,0,0,2,0,0,0,0,1,0,0,0,0,1,1,0,0,0,1,0,0,0,0,0,0,1,0,0,0,0,0,1,0,0,0,1,1,0,0,0,1,0,0,1,0,1,0,1,0,0,1,0,0,0,2,0,0,0,0,0,1,0,1,1,1,1,3,0,0,1,0,0,2,0,0,2,0,0,1,0,3,1,1,0,0,0,0,1,0,0,1,0,0,0,1,1,2,0,1,0,0,0,0,0,0,0,1,0,1,0,1,0,0,0,2,0,2,2,1,0,0,0,3,0,0,2,0,4,0,0,0
49,2,0,1,1,0,0,0,0,1,1,0,1,2,0,0,1,0,0,0,0,0,0,2,0,0,0,0,0,0,0,0,0,0,0,1,2,0,0,1,0,0,0,1,0,0,0,0,3,1,0,1,1,0,0,1,1,1,0,0,0,0,1,1,0,0,0,0,1,0,0,0,0,0,0,0,0,0,0,0,0,1,0,0,0,0,0,0,0,1,0,0,2,0,0,0,0,0,0,1,0,0,0,0,0,1,0,0,0,1,0,1,2,2,0,0,1,0,1,1,2,0,0,0,0,0,1,0,0,1,0,1,0,0,1,0,0,0,0,1,1,1,0,1,0,0,0,0,0,0,0,1,0,0,0,0,1,1,0,0,0,0,1,0,1,0,1,0,0,1,0,1,0,0,0,0,0,0,0,1,0,0,0,0,0,1,1,0,0,0,1,1,3,1,0,1,1,0,1,0,0,2,0,0,1,0,2,0,1,0,0,0,0,1,0,0,0,0,0,1,1,2,3,0,1,2,0,0,0,0,0,0,1,0,1,0,0,0,0,1,0,0,0,1,1,0,0,0,4,0,0,1,1,2,1,0,0
50,2,0,1,1,0,0,0,0,1,1,0,1,2,0,0,0,0,0,0,0,0,0,0,0,0,1,0,0,0,0,0,0,0,0,0,2,0,0,1,2,0,0,0,0,0,1,1,2,1,0,1,2,1,0,1,0,1,1,1,0,0,1,1,0,0,0,0,0,0,0,0,0,0,1,0,0,1,0,1,0,0,0,1,0,1,1,0,0,0,0,0,0,0,0,0,0,0,0,1,0,1,0,0,0,0,0,0,0,2,0,0,0,2,0,1,0,0,0,0,1,0,1,0,0,1,0,0,1,1,0,1,0,0,0,0,0,0,1,0,0,1,0,1,1,0,1,0,0,0,0,0,0,1,0,0,1,1,0,1,2,0,0,0,1,0,0,1,0,0,0,0,0,0,0,0,0,0,0,1,1,1,0,0,0,1,0,0,1,0,1,0,2,1,0,1,1,0,0,1,0,1,0,0,3,0,2,1,1,0,0,0,2,0,1,0,0,0,0,0,1,2,1,0,0,2,0,0,0,0,0,0,2,0,1,0,0,0,0,1,1,0,1,1,1,0,1,0,2,0,0,0,1,2,1,0,0
51,0,0,0,1,0,0,0,0,0,0,0,1,1,0,0,1,1,0,0,0,0,0,0,0,0,1,0,0,1,0,1,0,0,0,0,0,0,0,0,2,0,0,0,0,0,2,1,0,2,0,0,2,2,1,1,0,0,1,2,0,1,0,0,1,1,0,1,0,0,0,0,1,0,1,0,0,1,1,1,0,0,0,1,0,1,1,0,0,1,0,0,0,0,1,0,0,0,0,1,1,1,0,0,0,0,0,0,0,1,0,0,0,0,0,1,1,1,0,0,0,1,1,0,0,1,1,0,2,0,0,0,0,1,0,0,1,0,1,0,0,1,0,0,0,0,1,0,0,0,0,0,0,1,0,0,0,1,0,1,2,0,1,0,0,0,0,1,0,0,0,0,0,0,0,0,0,0,0,0,1,1,0,0,1,0,0,0,1,0,0,0,1,0,0,0,2,0,0,1,0,0,0,0,2,1,3,2,1,1,0,0,3,0,1,1,1,0,0,0,1,0,0,0,2,0,1,0,0,0,0,0,2,1,1,0,0,0,0,0,1,0,1,1,3,0,1,0,1,0,0,0,0,3,1,0,1
52,0,0,0,1,0,0,0,1,0,0,0,1,2,1,0,2,1,0,0,0,0,0,0,0,1,0,0,0,2,0,0,0,0,0,0,0,0,0,1,0,0,0,0,0,1,1,0,0,3,0,1,1,1,1,1,1,0,0,1,0,2,0,0,1,1,0,1,0,0,0,0,0,0,0,0,0,0,1,0,0,0,0,0,0,0,0,1,0,1,0,0,1,0,2,0,1,1,0,0,1,0,1,1,1,0,0,0,0,0,0,0,2,0,0,0,3,1,1,0,0,0,1,0,0,1,1,1,1,0,0,0,1,1,0,0,1,0,0,0,0,1,0,0,0,0,0,0,0,0,1,0,1,0,1,0,1,0,0,0,1,0,1,0,0,0,0,0,0,0,0,0,0,0,0,0,0,0,1,0,0,0,0,0,1,0,0,0,0,0,2,0,0,0,1,0,3,0,0,1,0,0,1,0,1,2,2,1,1,1,0,0,1,0,0,1,2,0,2,0,0,1,0,1,2,0,1,0,0,0,1,0,1,1,0,0,0,0,0,0,0,1,0,1,2,0,1,1,2,0,1,0,0,1,1,0,1
53,0,0,0,0,0,0,0,0,1,3,0,0,0,0,1,0,0,0,2,0,0,0,0,0,0,0,0,1,0,0,1,1,0,0,0,2,3,0,0,1,0,1,0,0,0,2,1,0,0,0,0,1,1,0,0,0,2,0,0,0,2,0,2,0,0,0,4,0,1,0,0,2,1,0,1,2,0,0,0,0,0,0,0,0,0,0,0,0,0,1,0,0,1,0,0,0,0,0,0,0,0,0,0,1,0,1,0,0,0,2,0,1,0,0,0,1,2,0,0,0,1,0,0,2,1,1,0,0,0,0,0,1,1,0,1,0,0,0,0,0,0,0,0,2,1,1,1,0,0,0,0,0,0,0,0,2,0,0,2,1,0,0,0,0,0,0,2,0,0,0,0,0,0,0,0,0,0,0,1,0,1,2,1,2,0,0,0,1,0,0,0,1,0,0,0,0,0,0,0,0,0,1,0,1,0,1,1,2,3,2,1,0,0,0,1,1,0,0,1,0,0,2,0,0,1,2,0,0,0,0,0,1,0,0,0,0,1,2,1,0,0,0,1,2,2,0,0,0,0,1,0,1,0,1,0,0
54,0,1,1,0,0,1,0,0,1,2,0,1,0,1,1,0,0,0,1,0,1,1,0,0,0,0,0,0,0,0,1,0,0,0,0,1,1,1,0,0,0,1,0,0,1,1,1,0,0,0,0,1,0,1,1,0,1,0,0,0,2,0,1,0,1,0,3,0,0,2,0,1,0,0,1,1,0,0,0,0,1,1,0,0,0,1,0,2,0,0,1,0,1,0,1,1,0,0,0,0,0,0,0,0,0,0,0,1,0,1,0,1,0,0,0,1,1,0,0,0,1,0,0,2,0,0,0,1,0,0,0,2,1,0,0,0,0,0,0,0,0,0,0,1,1,1,0,0,0,1,0,0,0,0,0,1,0,0,1,0,1,0,0,0,0,0,1,0,0,0,0,0,0,0,1,0,1,0,0,1,1,1,0,1,0,0,1,2,0,1,0,1,1,0,0,0,0,0,0,0,0,0,0,1,1,1,0,2,2,1,1,0,0,0,1,1,0,1,0,1,0,1,0,0,1,1,0,0,0,0,0,1,1,0,0,0,1,1,1,1,0,0,1,1,2,0,1,0,0,1,0,0,0,2,0,1
55,0,1,1,0,0,1,1,0,0,1,1,1,0,1,0,0,0,0,0,0,1,1,0,0,1,0,0,1,0,0,0,0,0,0,0,0,0,1,1,0,1,0,0,1,2,0,1,0,0,0,0,1,0,1,1,0,0,0,0,0,0,0,1,1,1,0,1,0,0,2,0,0,0,0,1,1,0,0,0,0,1,1,0,0,0,1,0,2,0,1,1,0,0,1,1,2,0,0,0,1,0,1,0,1,1,0,0,1,1,1,0,0,1,0,0,0,0,0,0,1,0,0,0,1,0,2,0,1,0,0,0,2,0,0,1,0,0,0,0,0,0,0,0,2,0,0,0,0,0,1,0,2,0,0,1,0,0,0,0,1,0,1,0,1,0,1,0,0,0,0,0,0,1,0,1,0,2,0,1,1,1,0,0,0,1,0,0,1,0,1,0,0,1,1,1,0,0,0,0,0,0,1,0,1,1,1,0,0,1,1,2,0,0,0,2,0,0,1,0,1,1,0,0,0,1,0,0,0,0,0,0,0,0,1,0,0,1,0,0,1,0,0,0,0,3,1,1,0,0,0,1,0,0,2,0,2
56,0,0,0,0,0,1,1,0,0,2,2,0,0,0,1,0,0,0,0,1,0,0,0,1,1,0,0,1,0,0,0,0,0,0,0,0,0,0,4,0,1,0,0,2,1,0,1,0,0,0,0,0,0,0,1,0,1,2,0,0,0,0,1,1,0,1,1,0,0,0,0,0,0,1,1,1,0,1,0,0,1,0,0,0,0,0,0,0,0,1,0,0,1,3,0,1,0,2,0,1,0,1,0,0,1,0,0,0,2,1,0,0,1,0,0,1,2,0,0,1,0,0,0,1,0,1,0,0,0,0,1,1,1,0,1,0,0,0,0,0,0,0,0,2,0,0,0,0,0,0,0,4,1,0,1,2,0,0,1,0,0,1,0,1,0,2,0,0,0,0,0,0,1,0,1,0,2,0,1,1,0,1,0,0,1,0,1,0,0,0,0,0,0,1,2,0,0,0,0,0,0,1,0,1,0,0,2,0,1,0,3,0,1,0,1,0,1,0,0,0,1,0,0,0,2,0,0,0,0,1,0,1,0,2,0,0,1,0,0,0,0,0,0,0,2,1,0,0,0,0,1,0,0,1,0,1
57,0,0,0,0,1,2,0,0,1,2,1,1,0,0,2,0,1,0,0,1,0,1,1,1,0,0,2,0,0,0,0,0,0,1,0,1,0,0,3,0,0,0,0,1,0,0,0,1,0,0,0,0,0,0,1,0,4,1,1,0,0,0,0,0,0,2,2,0,0,0,0,0,1,1,0,0,0,1,0,0,1,0,0,0,0,0,0,1,0,0,1,0,2,3,0,0,0,2,0,0,0,0,0,0,2,0,0,1,1,1,0,0,0,0,0,2,2,1,0,0,0,0,0,1,0,0,0,0,0,1,2,2,1,1,2,0,0,0,0,0,0,0,1,0,0,0,0,0,0,0,0,2,1,0,0,2,0,0,1,1,2,0,0,0,0,1,0,0,0,0,0,0,0,1,1,1,1,0,0,1,1,1,0,0,0,0,1,0,0,1,1,0,0,0,1,0,0,0,0,0,0,0,0,0,0,0,3,0,2,0,2,0,1,0,0,1,1,0,0,0,0,0,0,0,3,1,0,0,0,1,0,1,0,1,0,1,1,0,0,0,0,0,0,0,1,0,0,0,0,1,0,0,0,0,0,0
58,0,0,0,0,1,2,0,0,2,1,0,1,0,0,2,0,1,0,0,0,1,1,1,0,0,0,2,0,0,0,0,0,0,1,0,2,0,0,1,1,0,0,0,1,1,0,1,1,1,0,0,0,0,1,0,1,3,0,1,0,0,1,0,0,0,2,1,0,0,1,0,0,1,1,0,0,0,2,0,0,1,0,1,1,0,0,0,1,1,0,0,0,1,1,0,0,0,0,0,1,0,0,0,0,2,0,0,1,1,0,0,0,0,0,0,1,0,1,0,0,0,0,0,0,0,0,1,2,0,1,2,2,0,0,2,0,0,0,0,0,1,0,1,1,0,0,0,0,0,0,0,0,0,0,0,1,0,0,0,2,3,0,0,0,0,0,0,0,0,0,0,0,0,2,0,1,0,0,1,0,2,0,0,0,0,0,1,0,0,1,1,0,0,0,1,0,0,0,0,0,0,0,1,2,0,0,1,0,1,1,1,1,2,0,0,1,0,0,0,0,0,0,0,1,3,1,0,0,0,0,0,1,1,0,0,1,0,0,0,0,0,0,1,0,2,1,0,0,1,1,0,0,1,1,0,0
59,0,0,0,0,1,1,0,0,1,2,0,0,0,0,1,0,0,1,1,0,1,0,1,1,0,0,0,0,0,0,1,0,0,0,0,1,1,0,1,1,0,2,0,1,1,0,2,0,1,0,0,0,1,1,0,2,1,0,0,0,1,1,0,0,0,1,1,0,0,2,0,1,0,1,2,1,0,2,0,0,1,0,1,1,0,0,0,0,1,0,0,1,1,1,0,0,0,0,0,1,0,0,0,0,0,0,0,0,2,0,0,1,0,0,0,2,0,1,0,1,1,0,0,0,0,0,1,1,0,1,1,1,1,0,0,0,0,0,0,0,1,0,0,1,1,1,0,0,0,0,0,0,0,0,0,2,0,0,0,1,1,0,0,0,1,0,1,0,0,0,0,0,0,1,0,0,0,0,1,1,1,1,0,0,0,0,1,1,0,0,0,1,0,0,1,0,0,0,0,0,0,0,1,2,0,2,0,1,0,1,2,1,2,0,1,1,0,0,0,0,1,1,0,1,2,1,0,0,0,0,0,0,1,0,0,0,0,1,0,0,0,0,1,0,2,0,0,0,1,0,0,0,1,1,0,0
60,0,0,0,0,0,0,0,0,0,1,0,0,0,0,1,0,0,1,1,0,1,0,0,1,0,2,0,0,1,1,1,0,0,0,0,0,2,0,1,1,1,2,0,0,0,1,1,0,0,0,0,0,1,0,0,1,2,0,0,0,1,0,0,0,0,0,1,0,0,2,0,2,0,1,2,1,0,0,0,0,0,0,1,0,0,0,0,0,0,0,0,1,1,1,0,0,0,0,1,1,0,0,2,0,1,0,0,0,1,0,0,2,0,1,1,2,1,1,1,1,1,0,0,0,0,0,0,0,0,0,0,1,2,0,1,1,0,0,1,0,0,0,1,0,1,1,1,0,0,0,0,0,2,0,1,1,1,0,0,0,0,2,0,0,1,0,1,0,0,0,0,0,0,0,0,0,0,0,0,1,0,1,0,1,0,0,0,1,1,0,0,2,0,0,0,0,0,0,1,0,0,2,0,1,0,2,0,1,0,1,2,0,0,0,1,1,0,0,0,1,1,2,0,0,1,2,0,0,0,0,0,0,0,0,0,0,0,1,0,1,0,0,2,0,1,0,0,0,0,0,0,1,0,1,1,0
61,0,0,1,0,0,0,1,0,0,1,0,0,0,1,0,0,0,1,0,0,1,1,0,0,0,3,1,0,1,1,0,0,0,0,0,0,1,1,1,0,1,2,0,0,0,1,0,0,0,0,0,0,0,1,0,0,1,0,0,0,0,0,0,0,0,1,0,0,0,2,1,1,0,1,2,0,0,0,0,0,0,0,1,0,0,1,0,2,0,0,1,0,0,0,1,1,0,0,1,1,1,0,2,0,1,0,0,2,0,0,0,1,0,1,1,0,1,0,1,0,0,0,1,1,0,0,0,1,0,0,0,1,1,0,1,1,0,0,1,0,0,0,1,0,1,1,2,0,0,1,0,0,2,0,1,0,1,0,1,0,0,2,0,0,2,0,0,0,0,0,0,0,0,0,3,0,1,0,0,0,0,0,0,1,1,1,0,1,1,1,0,1,1,0,0,0,0,0,1,0,0,1,0,1,0,0,0,0,0,2,0,0,0,0,1,0,0,0,0,1,0,1,0,0,1,1,0,0,0,0,0,1,0,0,0,1,1,0,0,2,0,0,1,0,1,0,0,0,0,0,0,1,0,1,1,1
62,0,0,1,0,0,0,1,0,0,1,0,0,1,1,0,0,0,0,0,1,0,1,0,0,0,1,1,0,0,0,0,0,1,0,0,0,0,2,0,0,0,1,0,0,0,1,1,1,0,0,0,1,0,2,2,0,0,0,0,0,0,0,0,0,0,1,0,0,1,1,1,0,0,0,1,1,0,2,0,0,0,1,0,1,0,1,0,3,0,0,1,0,1,1,2,1,0,0,0,0,1,0,0,1,0,0,0,2,1,1,0,0,0,0,1,0,0,1,0,0,0,0,1,2,0,0,1,1,0,0,0,2,0,0,0,0,0,0,0,1,0,0,0,0,1,1,1,0,0,1,0,1,0,0,0,0,0,0,1,1,0,0,0,0,1,0,0,0,0,0,0,0,0,0,3,0,1,0,2,0,1,2,0,0,1,2,0,1,0,1,1,0,1,0,0,0,0,0,0,0,1,1,0,1,0,1,0,0,0,1,1,0,2,1,1,1,0,1,0,2,0,0,0,0,1,0,1,0,0,0,0,1,0,0,0,1,2,1,0,1,0,0,0,0,1,0,1,0,1,0,0,1,0,1,0,1
63,0,0,0,0,0,0,1,0,0,0,1,0,1,0,0,0,0,1,0,1,0,0,0,0,1,0,0,1,0,0,2,0,1,0,0,0,0,1,1,0,1,0,0,1,1,1,1,1,0,1,0,1,0,1,2,0,0,0,0,0,0,0,0,1,0,0,0,0,1,0,0,1,0,0,1,1,1,2,0,0,0,1,0,1,0,0,0,1,0,1,0,0,1,2,1,0,0,0,0,1,0,1,0,1,1,0,0,0,1,1,0,0,1,0,1,0,0,1,0,1,0,0,0,3,0,0,1,0,0,0,0,1,1,0,1,0,0,0,0,1,0,0,0,2,0,0,0,1,0,0,0,2,0,0,1,0,0,0,0,1,0,1,0,1,0,0,0,0,0,0,0,0,1,0,0,0,1,0,3,0,1,2,0,0,1,1,0,0,0,1,1,0,0,1,1,0,0,0,0,1,1,2,0,2,0,1,0,0,0,0,2,0,2,1,1,1,0,1,0,1,1,0,0,0,0,1,1,0,1,0,0,0,0,0,0,0,1,1,1,1,0,0,0,0,1,1,0,0,1,0,0,1,0,1,0,1
64,0,0,0,0,0,1,1,0,0,0,1,1,0,0,0,0,0,1,1,0,0,0,1,0,2,1,1,1,0,0,2,0,0,1,1,0,0,1,1,0,1,0,0,1,1,0,1,1,0,1,1,0,0,0,0,0,0,0,0,0,1,0,0,1,0,0,0,0,1,0,1,1,0,0,1,1,1,0,0,0,0,0,0,0,0,0,0,0,0,2,0,1,1,1,0,0,0,1,0,1,2,2,0,0,1,0,0,1,1,1,0,0,1,0,1,0,0,0,0,1,0,0,1,2,0,0,0,0,0,1,0,0,1,0,2,0,1,0,0,0,0,0,0,2,0,2,0,0,0,0,1,2,0,0,1,0,0,0,0,0,0,1,0,1,0,0,0,0,0,0,0,0,1,0,0,2,1,0,1,0,1,0,0,0,2,0,0,0,0,4,0,0,0,1,2,0,0,0,0,1,1,2,0,1,0,0,0,0,0,0,1,1,0,0,1,0,0,2,0,0,1,0,1,0,1,1,0,0,0,0,0,0,0,0,0,1,0,0,1,1,1,0,0,0,1,1,2,1,0,0,0,0,0,1,0,1
65,0,0,0,0,0,1,0,0,1,0,0,1,0,0,0,0,0,0,1,1,0,0,1,0,1,1,1,0,0,1,0,0,0,1,1,1,1,1,0,0,0,0,0,0,1,1,1,1,0,0,1,0,1,0,1,0,0,0,0,0,1,0,1,0,0,0,1,0,2,0,1,1,0,0,0,2,1,2,0,0,0,0,0,0,0,0,0,0,0,1,0,1,1,0,0,0,0,1,0,0,3,1,0,1,0,0,0,2,0,1,0,1,0,0,1,0,1,0,1,0,0,0,1,1,1,0,0,0,0,1,0,0,0,0,1,0,1,0,0,0,0,0,0,1,0,2,1,1,0,0,1,1,0,1,0,0,0,0,1,2,0,0,0,0,0,0,1,1,0,0,0,0,0,1,0,2,0,0,1,0,2,0,0,1,1,0,1,0,0,3,1,0,0,0,0,0,0,0,0,0,1,2,0,1,0,0,0,1,1,2,0,1,0,0,0,0,0,2,1,1,0,1,1,0,1,0,0,0,0,0,0,1,0,2,0,1,0,0,1,0,0,0,1,1,0,0,2,1,0,1,1,0,0,0,0,0
66,0,0,0,0,1,0,0,0,3,0,1,0,0,0,1,0,0,0,0,3,0,0,0,0,0,0,0,0,0,1,0,0,1,1,0,2,1,0,0,1,0,1,0,0,1,1,0,0,0,0,0,0,1,1,1,0,0,0,0,1,2,1,3,0,0,0,1,0,1,0,0,1,1,1,0,1,0,3,0,2,0,0,1,1,0,0,0,0,0,0,0,0,0,0,0,0,0,0,0,0,1,0,0,0,0,0,0,1,0,0,0,1,0,0,0,0,1,1,1,0,0,0,0,1,0,0,1,1,0,1,2,1,1,0,0,0,0,0,0,0,0,0,0,2,0,0,2,1,0,0,0,0,0,1,0,0,0,1,1,2,0,0,0,0,1,0,1,1,0,0,0,0,0,1,0,0,0,0,1,0,1,0,0,1,1,1,1,0,0,0,1,0,0,0,1,0,0,0,0,0,0,1,0,1,0,0,0,2,1,2,0,0,2,0,0,0,0,0,1,1,0,1,0,0,3,0,0,0,0,0,0,2,0,2,0,0,0,0,3,0,1,0,1,2,1,0,0,0,2,1,1,1,1,0,0,0
67,0,0,1,0,1,0,0,0,3,1,1,0,0,0,2,0,0,0,1,2,0,0,0,0,0,0,0,0,0,0,1,0,1,1,0,2,1,0,0,1,0,2,0,0,0,1,1,0,0,0,0,0,0,1,0,0,1,0,0,1,3,1,3,0,1,0,1,0,0,0,0,1,1,1,1,1,0,1,0,2,0,0,1,1,0,0,0,0,0,0,0,0,1,0,0,0,0,0,0,0,0,0,0,0,0,0,0,0,0,0,0,1,0,0,0,1,1,1,0,0,1,0,0,1,0,0,1,0,0,1,2,2,2,0,0,0,0,0,0,0,0,0,0,2,0,1,1,0,0,0,0,0,0,0,0,1,0,1,1,1,0,0,0,0,1,0,1,0,0,0,0,0,0,0,0,0,0,0,0,0,0,1,0,1,1,1,1,1,0,0,0,1,0,0,1,0,0,0,0,0,0,0,0,1,0,0,0,3,2,0,1,0,2,0,0,1,0,0,0,0,0,1,0,0,4,1,0,0,0,0,0,2,0,1,0,0,0,1,3,0,1,0,1,1,2,0,0,0,2,1,0,1,0,1,0,0
68,0,0,0,0,0,1,1,1,1,1,0,0,0,1,1,0,0,0,1,0,0,0,0,1,0,1,1,1,0,1,1,0,0,0,0,1,2,1,0,0,0,2,0,0,0,1,1,0,0,0,1,0,0,1,0,0,1,0,0,0,2,0,1,0,0,2,1,0,0,0,1,1,0,0,2,1,1,0,0,0,0,0,0,1,0,0,0,0,0,0,1,0,1,0,1,0,0,0,0,0,1,0,0,0,0,0,0,1,0,0,0,3,0,0,0,1,1,0,1,0,2,0,1,1,0,0,0,0,0,1,0,2,1,0,0,0,0,1,0,0,0,0,0,1,2,2,1,0,1,0,0,0,0,0,0,1,0,0,2,0,0,0,0,0,2,0,1,0,0,0,0,0,0,0,2,0,0,0,0,0,0,1,0,1,1,1,1,1,1,0,1,1,0,0,0,0,0,0,1,0,0,1,0,1,0,0,0,2,1,0,1,0,0,0,1,1,0,0,0,1,0,1,0,0,3,1,1,0,0,0,0,2,0,1,0,1,0,1,1,0,0,1,1,1,1,0,0,0,1,1,0,0,0,1,0,0
69,0,0,0,0,1,1,1,1,0,0,0,1,0,1,0,0,0,1,2,0,0,0,0,1,1,1,2,1,1,1,0,0,1,0,0,0,1,1,1,0,1,2,1,0,0,0,0,0,0,0,1,0,0,1,0,1,0,0,0,0,0,0,0,0,0,2,0,0,1,0,2,1,1,0,3,0,1,0,0,0,0,0,0,1,0,0,0,0,0,0,1,0,0,0,1,0,0,0,0,1,1,0,0,0,1,1,0,3,0,0,0,2,0,1,0,0,0,0,1,0,2,0,1,0,0,0,0,0,0,1,1,1,0,0,1,0,0,2,1,0,0,1,0,0,2,2,2,0,1,0,0,0,0,0,2,0,0,0,1,0,0,0,2,0,3,0,0,0,0,0,0,1,0,0,4,1,0,0,0,0,0,0,0,0,1,3,0,0,2,0,1,0,0,0,0,0,2,0,1,0,0,1,0,0,0,0,0,0,0,0,0,0,0,0,1,0,0,0,0,1,0,0,1,0,2,1,1,0,1,0,1,1,0,0,0,1,0,0,0,0,0,2,0,0,0,0,0,0,1,0,0,0,0,0,0,0
70,0,0,0,1,1,0,0,0,0,0,0,2,0,1,0,0,0,2,3,0,0,0,0,0,2,0,2,0,1,0,0,0,2,0,0,0,0,0,1,1,1,1,1,0,0,0,0,2,1,0,0,0,0,0,1,2,0,0,0,0,0,0,0,0,0,1,0,0,2,0,2,1,2,1,2,0,0,0,0,0,0,0,0,0,0,0,0,0,0,0,0,0,0,0,0,0,0,0,0,3,0,0,0,0,1,0,1,3,0,0,0,1,0,2,0,0,0,0,1,0,2,0,0,0,0,0,0,0,0,0,2,0,0,0,2,0,0,1,1,0,1,2,0,0,0,1,2,0,0,0,0,0,0,0,2,0,0,1,0,0,0,0,2,0,1,0,0,0,0,0,0,2,0,0,3,1,0,0,0,0,0,0,0,0,0,3,0,0,1,2,0,2,1,0,0,0,4,0,0,0,0,0,0,0,0,0,0,0,0,0,0,0,0,0,0,0,1,0,1,1,1,0,2,0,0,2,0,0,2,0,1,0,0,0,0,0,0,0,0,1,0,2,0,0,0,0,1,1,0,0,0,1,1,0,1,0
71,0,0,0,1,0,0,0,0,0,0,0,1,0,1,0,0,0,1,1,1,0,0,0,0,1,0,1,0,0,1,0,0,1,0,0,0,1,0,0,1,0,0,0,0,1,1,0,1,1,0,0,0,1,0,2,1,0,0,0,0,0,1,1,0,0,0,0,0,2,0,1,1,1,1,0,1,0,2,0,1,0,0,0,1,0,0,0,0,0,0,0,0,0,0,0,0,0,0,0,2,1,0,0,0,0,0,1,2,0,0,0,2,0,1,0,0,0,0,2,0,2,0,0,1,1,0,0,0,0,0,1,0,0,0,1,0,0,0,0,0,1,1,0,0,0,0,2,1,0,0,0,0,0,1,0,0,0,1,1,1,0,0,0,0,0,0,1,1,0,0,0,1,0,1,1,1,0,0,1,0,1,1,0,0,0,1,1,0,1,2,1,1,1,0,0,0,2,0,0,0,0,1,0,1,0,0,0,1,0,2,0,0,1,0,0,0,1,0,2,2,1,0,2,0,0,1,1,0,1,0,0,1,0,2,0,0,0,0,1,1,0,1,1,1,0,0,1,2,0,1,1,1,0,0,1,0
72,0,1,0,0,0,1,0,0,0,1,0,1,0,0,0,0,0,0,1,1,1,0,0,0,0,0,0,0,0,1,0,0,0,0,0,0,2,0,0,1,0,0,0,0,2,3,0,0,0,0,1,2,2,0,2,0,0,0,0,0,0,1,1,0,1,0,2,0,2,1,0,1,0,0,0,2,1,2,0,1,1,1,0,1,0,0,0,0,0,0,0,0,0,0,0,0,0,0,0,0,1,0,1,0,0,1,0,1,0,2,1,1,0,0,0,0,0,0,1,0,1,0,0,1,1,1,0,0,0,0,0,0,0,0,0,0,0,0,0,1,1,0,0,0,0,0,1,2,0,0,0,0,0,1,0,2,0,0,1,2,0,0,0,0,0,0,2,1,0,0,0,0,0,1,0,0,0,0,1,1,3,1,2,0,1,0,1,0,0,0,1,0,0,0,0,0,0,0,0,0,0,2,0,1,1,2,0,1,2,3,0,0,1,0,0,0,0,1,2,2,0,0,1,0,0,0,1,1,0,0,0,1,0,2,0,0,0,0,1,0,0,0,1,0,1,0,0,1,0,1,1,0,0,0,0,0
73,0,1,0,0,0,2,0,0,0,1,0,2,0,0,0,0,0,0,2,0,1,0,1,0,0,0,1,0,0,0,0,0,0,1,1,1,1,1,0,1,0,0,0,0,1,1,1,1,0,0,2,2,2,0,1,0,0,0,0,0,0,0,0,0,1,0,3,0,2,1,1,0,1,0,0,2,2,0,0,0,1,1,0,0,0,0,0,0,0,1,0,1,1,0,0,0,0,0,0,0,2,1,1,0,0,1,0,1,0,3,1,0,0,0,1,0,0,0,0,0,0,0,1,0,0,1,0,0,0,1,0,0,0,0,1,0,1,0,0,0,1,1,0,0,0,2,0,1,0,0,1,1,0,0,0,2,0,0,0,1,0,0,0,0,0,0,1,0,0,0,0,0,0,0,0,2,0,0,0,1,3,0,1,0,2,0,0,0,0,3,0,0,0,0,0,0,0,0,0,0,1,2,0,0,1,2,0,0,3,1,1,1,0,0,0,0,0,3,1,1,0,0,1,0,1,0,0,1,0,0,0,0,0,0,0,1,0,0,0,0,0,0,0,0,1,0,2,1,0,0,0,0,0,0,0,0
74,0,0,0,0,0,1,0,0,0,0,0,1,0,0,0,0,0,0,1,1,0,0,1,0,0,0,1,1,0,1,0,0,0,1,1,0,1,1,0,0,1,0,0,0,1,1,1,1,0,0,1,0,2,0,1,0,0,0,0,0,0,1,0,0,0,0,1,0,2,0,1,1,0,0,0,2,1,2,0,1,0,0,0,1,0,0,0,0,0,1,0,1,1,0,0,0,0,0,0,0,3,1,0,0,0,0,0,2,0,1,0,2,0,0,1,0,0,0,1,0,1,0,1,1,1,0,0,0,0,1,0,0,0,0,1,0,1,0,1,0,0,1,0,0,0,2,1,1,0,0,1,1,0,1,0,0,0,0,1,1,0,0,0,0,0,0,1,1,0,0,0,0,0,1,0,2,0,0,1,0,2,1,0,0,1,0,1,0,0,3,2,0,0,0,0,0,0,0,0,0,1,2,0,1,0,0,0,0,1,2,0,1,1,0,0,0,0,2,1,1,0,0,2,0,1,0,1,0,0,0,0,1,0,2,0,1,0,0,1,0,0,0,1,0,0,0,2,2,0,1,1,0,0,0,0,0
75,0,0,0,1,0,0,0,0,0,0,0,1,0,1,0,0,0,0,1,1,0,0,0,0,0,0,1,0,0,1,0,0,1,0,0,1,1,0,1,1,1,0,0,0,1,1,0,1,1,0,0,0,1,0,2,1,0,0,0,0,0,1,0,0,0,0,0,0,1,0,0,1,1,1,0,1,0,2,0,1,0,0,0,1,0,0,0,0,0,0,0,0,0,0,0,0,0,0,0,1,1,0,1,0,0,0,1,2,0,0,0,3,0,1,0,0,0,0,2,0,2,0,0,1,1,0,0,0,0,0,1,0,0,0,1,0,1,0,1,0,1,1,0,0,0,0,2,1,0,0,0,0,0,2,0,1,0,1,1,1,0,0,1,0,0,0,1,1,0,0,0,1,1,1,1,0,0,0,2,0,1,1,0,0,0,1,1,0,0,2,1,1,1,0,0,0,1,0,0,0,0,2,0,1,0,0,0,0,0,2,0,0,1,0,0,0,1,0,2,2,1,0,2,0,0,1,1,0,1,0,0,1,0,2,0,0,0,0,1,1,0,0,1,0,0,0,1,2,0,1,1,1,0,0,1,0
76,0,0,0,1,0,1,0,0,1,0,0,2,0,1,0,0,0,1,1,1,1,0,0,1,0,1,2,0,0,0,0,0,1,0,0,1,0,0,2,1,0,0,0,1,1,0,0,1,1,0,0,0,0,0,2,1,0,1,0,0,0,0,0,0,0,0,2,0,1,1,0,0,1,1,0,0,0,1,0,0,2,2,0,0,0,0,0,0,0,0,0,0,0,0,0,1,1,0,2,1,0,0,2,0,2,0,1,1,0,0,0,2,0,1,0,0,0,0,1,0,1,0,0,0,0,1,0,0,0,1,1,0,0,0,3,0,0,1,1,0,1,1,1,0,0,0,1,0,1,0,0,0,2,1,0,1,0,1,0,0,0,2,0,0,0,0,0,0,0,0,0,1,1,1,1,0,0,0,2,0,0,0,1,0,0,1,0,0,1,2,0,1,1,0,0,0,1,1,0,0,0,2,0,0,0,0,0,0,0,0,0,0,1,0,0,0,2,0,2,1,1,0,1,0,0,1,0,0,1,1,0,0,0,0,0,0,0,0,0,1,0,1,0,0,0,1,1,1,0,0,0,1,0,0,1,0
77,0,0,0,0,1,1,0,0,3,0,1,1,0,0,1,0,0,1,0,3,2,0,0,1,0,1,1,0,0,0,0,0,1,1,0,2,0,0,1,2,0,1,0,1,1,0,0,0,0,0,0,0,0,1,1,0,0,1,0,1,1,1,1,0,0,0,2,0,1,2,0,0,1,1,0,0,0,2,0,2,2,2,1,1,0,0,0,0,0,0,0,0,0,0,0,1,1,0,2,0,0,0,1,0,2,0,0,0,0,0,0,0,0,0,0,0,0,1,0,0,0,0,0,1,0,1,1,0,0,2,2,1,1,0,2,0,0,1,1,0,0,0,1,1,0,0,1,0,1,0,0,0,2,0,0,0,0,1,1,1,0,2,0,0,1,0,0,0,0,0,0,0,0,1,0,0,0,0,1,0,0,0,1,0,1,1,0,0,0,0,0,0,0,0,1,0,0,0,0,0,0,1,0,0,0,0,0,0,0,1,0,0,3,0,0,0,1,0,1,0,0,0,0,0,3,0,0,0,0,1,0,1,0,0,0,0,0,0,2,0,1,0,0,0,1,1,0,0,2,0,0,0,0,0,0,0
78,0,0,0,0,1,1,1,1,2,0,1,0,0,1,1,0,0,0,0,2,1,0,0,1,0,1,1,1,0,1,0,0,1,1,0,1,1,1,0,1,0,2,0,0,0,0,0,0,0,0,1,0,1,2,0,0,0,0,0,1,1,1,1,0,0,2,0,0,0,1,1,0,1,1,1,0,1,2,0,2,0,0,1,3,0,0,0,0,0,0,0,0,0,0,1,0,0,0,0,0,1,0,0,0,0,0,0,1,0,0,0,2,0,0,0,0,0,1,1,0,1,0,1,0,0,0,1,0,0,2,2,2,1,0,0,0,0,1,0,0,0,0,0,1,1,1,2,0,1,0,0,0,0,0,0,0,0,1,1,1,0,0,0,0,2,0,0,0,0,0,0,0,0,0,2,0,0,0,0,0,0,0,0,0,2,2,0,0,1,0,1,0,0,0,1,0,0,0,1,0,0,1,0,0,0,0,0,0,1,1,0,0,2,0,0,0,0,0,0,1,0,0,0,0,5,0,1,0,0,0,0,2,0,0,0,1,0,0,2,0,1,1,0,0,1,0,0,0,3,0,0,0,0,0,0,0
79,0,0,0,0,0,1,1,1,0,1,0,0,0,1,0,0,0,0,1,0,0,0,0,1,0,1,1,2,0,1,0,1,0,0,0,0,2,1,0,1,0,1,0,0,0,1,0,0,0,0,2,2,1,1,1,0,1,0,0,0,0,0,0,0,0,2,1,0,1,0,1,1,0,0,1,1,2,0,0,0,0,0,0,1,0,0,0,0,0,0,0,1,0,0,1,0,0,0,0,0,1,0,1,0,0,1,0,1,1,2,1,2,0,0,0,0,1,0,1,0,1,0,1,0,1,1,0,0,0,1,0,1,0,0,1,0,0,1,0,0,1,0,0,0,1,1,1,1,1,0,0,0,0,0,0,2,0,0,1,1,0,0,0,0,1,0,1,0,0,0,0,0,0,0,2,0,0,0,0,1,1,0,1,1,2,1,0,0,1,0,1,0,0,0,0,0,0,0,1,0,0,2,0,0,1,2,1,0,3,2,0,0,0,0,1,0,0,1,1,1,0,1,0,0,2,1,1,1,0,0,0,1,0,0,0,1,0,0,0,0,0,1,0,1,1,0,0,0,1,0,0,0,0,0,0,0
80,0,0,0,0,0,0,1,0,0,1,0,0,0,0,0,0,0,1,1,0,1,0,0,0,1,1,1,1,0,0,0,1,0,0,0,0,1,0,1,2,0,0,0,0,0,1,0,0,0,0,1,2,1,0,1,2,1,0,0,0,0,0,1,0,0,1,1,0,2,0,1,1,0,0,0,1,1,1,0,1,0,0,0,1,0,0,0,0,1,0,0,0,0,1,0,0,0,1,1,0,0,2,1,0,0,1,0,1,0,2,1,0,0,0,0,0,2,0,0,0,0,1,0,1,1,1,0,1,0,0,0,0,0,1,2,0,0,2,0,0,1,1,0,0,0,0,0,2,0,0,1,2,0,1,0,2,0,0,0,2,0,0,1,0,0,1,1,0,0,0,0,0,0,0,1,0,0,0,0,1,1,0,1,1,2,0,0,0,0,0,1,0,0,0,0,0,0,0,0,0,0,1,0,0,1,2,1,0,2,3,0,0,0,0,0,0,0,1,1,0,0,1,2,0,0,2,0,2,1,0,0,0,1,1,0,0,0,0,0,1,0,0,0,1,1,0,0,0,1,0,2,0,0,0,1,0
81,0,0,0,0,0,0,0,0,0,0,1,0,0,1,1,0,0,1,0,0,1,0,0,1,1,0,1,0,0,0,0,0,0,0,0,0,0,0,1,2,0,1,0,0,0,0,0,1,0,0,0,0,0,0,0,4,0,0,2,1,0,0,1,0,0,0,0,0,1,1,1,0,0,0,0,0,0,1,0,1,0,0,0,1,0,0,0,0,1,0,0,1,1,2,1,0,0,1,1,0,0,2,0,0,0,0,0,1,1,0,0,0,0,0,0,1,1,1,0,1,1,1,0,2,1,0,0,1,0,0,0,1,0,1,1,0,0,2,0,0,0,1,1,0,0,1,0,1,0,0,1,3,0,1,0,0,0,0,0,2,0,0,1,1,1,2,0,0,0,0,0,1,1,0,1,0,1,0,2,1,0,0,0,0,1,0,0,0,0,0,2,0,0,0,1,1,0,0,0,0,0,1,0,1,0,1,1,0,0,1,0,0,0,0,1,0,0,0,0,0,1,1,3,0,1,1,0,1,1,0,0,0,2,2,1,0,2,0,0,1,1,0,0,0,0,0,0,0,1,0,3,0,0,0,1,0
82,0,0,0,0,0,1,0,0,0,2,2,0,0,1,1,0,0,0,0,1,0,0,0,2,0,0,0,0,0,0,0,0,0,0,0,0,0,0,3,1,0,1,0,1,0,0,0,1,0,0,0,0,0,1,0,2,1,1,2,1,0,0,0,0,0,1,1,0,0,1,0,0,0,1,0,0,0,1,0,0,1,0,0,0,0,0,0,0,0,1,0,1,1,3,1,0,0,1,0,0,0,0,0,1,0,0,0,0,2,1,0,0,0,0,0,2,2,1,0,1,1,0,0,2,1,0,0,0,0,0,1,1,1,0,0,0,0,0,0,0,0,0,1,0,0,1,0,0,0,0,0,3,1,0,0,2,0,0,1,1,0,0,0,1,1,2,0,0,0,0,0,1,1,0,1,0,2,0,2,2,0,1,0,0,0,0,1,0,0,0,1,0,0,0,2,1,0,0,0,0,0,1,0,1,0,2,2,0,1,0,1,0,1,0,2,0,0,0,0,0,1,1,1,0,2,0,0,0,0,1,0,0,1,2,1,0,3,0,0,0,1,0,0,0,0,0,0,0,0,0,1,0,0,0,0,0
83,0,0,0,0,0,2,0,0,1,3,1,0,0,0,0,0,0,0,0,1,1,0,1,1,0,0,0,0,0,0,0,0,0,0,0,1,0,0,4,1,0,0,0,2,1,0,0,0,1,0,0,0,0,1,0,2,1,1,0,0,0,1,0,0,0,2,1,0,0,1,0,0,0,2,0,0,0,3,0,0,2,0,1,1,0,0,0,0,1,1,0,0,1,2,0,0,0,1,0,1,0,0,0,1,0,0,0,0,2,1,0,0,0,0,0,1,2,1,0,0,0,0,0,2,0,0,1,1,0,0,2,0,1,0,0,0,0,0,0,0,1,0,0,1,0,0,0,0,0,0,0,2,1,0,0,3,0,1,1,1,0,0,0,0,0,1,0,0,0,0,0,0,0,1,1,0,1,0,1,1,1,1,0,0,0,1,1,0,0,0,0,0,0,0,2,0,0,0,0,0,0,0,1,1,0,0,2,0,1,1,1,1,3,0,1,0,0,0,0,0,0,0,1,1,2,0,0,0,0,1,0,1,0,1,0,0,1,0,1,0,0,0,1,0,1,0,0,0,1,0,0,0,1,0,0,0
84,0,0,0,0,0,2,1,0,1,1,0,1,0,0,0,0,0,0,1,0,1,0,2,0,1,0,1,0,0,0,0,0,0,0,0,1,0,1,1,1,0,0,0,1,2,0,1,1,1,0,1,0,1,1,0,1,0,0,0,0,0,2,0,0,0,1,1,0,1,1,1,0,0,1,0,1,1,2,0,0,1,0,1,1,0,0,0,0,1,1,0,2,0,0,0,0,0,0,0,2,2,0,0,0,0,0,0,1,1,1,1,1,0,0,0,0,0,1,0,0,0,0,0,0,0,0,1,1,0,2,1,0,0,0,0,0,0,0,0,0,1,1,0,1,0,2,0,0,0,0,1,0,0,0,0,1,0,1,0,1,0,0,0,0,0,0,0,0,0,0,0,0,0,1,0,1,0,0,1,1,2,0,0,0,2,1,0,0,0,3,0,0,0,0,1,0,0,0,0,0,0,1,1,2,0,0,0,1,1,1,0,2,2,0,1,0,0,1,0,1,0,0,0,1,3,0,0,0,0,0,0,1,0,0,0,0,0,0,1,0,0,0,1,0,1,1,2,1,1,0,0,0,1,0,0,0
85,0,0,0,0,2,1,1,0,0,0,0,1,0,0,0,0,1,2,2,1,1,1,2,0,1,0,1,0,1,0,0,0,0,0,0,0,0,1,0,1,0,0,0,0,0,0,2,1,0,0,1,0,2,1,0,0,0,0,0,0,0,1,0,0,0,2,1,0,1,3,1,1,0,1,0,1,1,1,0,0,1,1,0,0,0,0,0,1,0,1,0,3,0,1,0,0,0,0,0,2,2,0,0,0,0,0,0,1,1,1,1,1,0,0,1,1,0,0,0,1,0,0,0,1,1,0,0,0,0,3,0,0,0,0,0,0,0,0,0,0,0,2,0,0,0,2,0,0,0,0,1,0,0,0,0,0,0,0,1,0,1,0,0,0,0,0,0,0,0,0,0,0,0,0,0,1,0,1,0,0,1,0,1,0,2,0,1,1,0,3,0,0,0,0,0,0,2,0,0,0,0,1,0,1,0,1,0,1,1,1,0,1,1,0,1,0,1,1,0,1,1,0,0,1,2,0,0,0,0,0,0,0,1,0,0,0,0,1,1,0,0,1,0,0,0,1,2,1,0,0,0,0,0,0,0,0
86,0,0,0,0,2,0,0,0,0,0,0,0,0,0,0,0,1,3,1,1,2,1,1,0,1,1,1,0,1,0,0,0,0,0,0,0,0,0,1,2,0,0,0,0,0,0,1,0,0,0,0,0,1,1,1,2,0,0,0,0,0,0,1,0,0,2,0,0,1,3,1,1,0,1,0,0,0,2,0,1,1,1,0,1,0,0,0,1,1,0,0,1,0,2,0,0,0,2,1,1,0,2,0,0,0,0,0,1,1,0,0,0,0,0,1,1,1,0,0,1,0,1,0,2,0,0,0,1,0,1,0,0,0,1,2,0,0,2,0,0,0,2,0,0,0,0,0,1,0,0,1,1,0,1,0,0,0,0,1,1,1,0,1,0,0,0,0,0,0,0,0,0,0,0,1,0,0,1,0,0,0,0,1,0,1,0,1,1,0,0,1,0,0,0,0,0,2,0,0,0,0,0,0,1,0,1,0,0,0,2,0,0,1,0,0,0,2,0,0,0,1,0,2,0,0,1,0,1,1,0,0,0,2,1,0,0,0,1,1,1,0,0,0,0,0,0,0,0,1,0,2,0,0,0,1,0
87,0,0,0,0,0,0,0,0,0,0,0,0,0,0,0,0,0,1,0,0,2,0,0,0,1,1,1,0,0,0,0,0,0,0,0,0,0,0,1,2,0,1,0,0,0,0,0,1,0,0,0,0,0,0,1,2,0,0,0,0,0,0,1,1,0,0,0,0,1,0,1,0,0,0,1,1,0,1,0,2,0,0,1,1,0,0,0,0,1,1,0,0,0,2,0,0,1,1,1,0,1,3,1,0,0,0,0,1,1,0,0,0,0,0,0,0,1,0,0,1,0,1,0,1,1,2,0,2,0,0,0,0,0,1,2,0,0,2,0,0,0,2,0,0,0,0,1,1,0,0,1,2,1,1,0,1,0,0,0,3,0,0,1,1,0,0,1,1,0,0,0,0,0,0,1,0,0,1,0,0,0,0,0,0,1,0,0,0,0,1,1,1,0,0,0,0,0,1,0,0,0,1,0,0,0,0,0,0,0,1,0,1,0,0,1,0,0,2,0,0,0,0,2,2,0,1,0,1,1,0,0,0,2,1,0,0,0,0,0,2,0,0,1,0,1,1,1,1,1,0,3,1,0,1,3,2
88,0,0,1,0,1,0,0,0,1,3,1,0,0,0,0,0,0,0,0,2,1,0,0,0,0,1,0,0,0,0,0,0,1,1,0,0,0,0,3,1,0,2,0,0,0,0,0,1,0,0,0,0,0,0,2,0,0,0,0,0,1,0,1,1,0,0,1,0,0,0,0,0,1,0,1,1,0,1,0,2,0,0,1,0,0,0,0,0,0,2,0,0,0,1,0,0,1,2,0,0,2,1,1,1,0,0,0,0,2,0,1,0,0,0,0,1,0,0,0,1,0,0,0,0,0,2,0,1,1,1,1,0,2,0,1,0,0,0,0,0,0,1,0,0,1,0,2,0,0,0,1,1,2,0,0,3,1,0,0,1,0,0,0,1,1,0,1,0,0,0,0,0,0,0,0,0,1,1,0,0,0,0,0,0,1,1,0,0,0,1,0,1,0,0,2,0,0,1,0,0,0,1,0,0,0,0,0,1,0,0,0,1,0,0,1,0,1,2,0,0,0,0,0,2,1,0,0,0,0,1,0,0,1,0,0,0,0,0,1,1,1,0,1,0,1,1,1,1,0,0,1,2,0,1,2,2
89,0,0,1,0,1,0,0,0,1,3,1,0,0,1,1,0,0,1,0,2,0,0,1,1,0,1,0,0,0,0,0,0,1,1,1,0,0,0,3,1,0,1,0,1,0,0,0,0,0,0,0,0,0,0,1,2,0,1,0,0,1,0,1,0,0,0,1,0,0,1,0,0,1,0,0,0,0,1,0,1,0,0,0,0,0,0,0,0,1,1,0,0,0,1,0,0,1,2,0,1,1,0,1,1,0,0,0,0,1,0,1,1,1,0,1,1,0,0,0,1,0,0,0,1,1,0,0,1,0,1,1,1,2,1,1,0,0,0,1,0,0,1,0,0,1,0,1,0,0,0,1,0,2,0,0,3,2,0,1,0,0,0,0,0,1,0,0,0,0,0,0,0,0,0,1,0,1,0,0,0,0,0,0,0,2,1,0,0,0,0,1,1,1,0,2,1,0,0,0,0,1,0,0,0,0,0,0,1,0,0,0,0,0,0,0,0,1,1,0,0,2,0,0,2,1,1,0,0,0,1,1,1,0,0,0,0,0,0,1,1,2,0,0,0,0,0,1,1,0,1,0,1,0,2,0,1
90,0,0,2,0,0,0,0,0,0,1,1,0,1,2,1,0,0,0,0,0,0,0,1,0,1,1,0,0,0,0,0,0,0,0,1,1,0,0,0,1,1,0,0,1,0,0,2,0,0,1,0,0,2,0,1,2,0,1,0,1,0,0,1,0,0,0,0,1,0,0,1,0,0,0,0,1,0,1,0,0,0,0,0,0,0,0,0,0,1,0,0,0,0,1,0,1,1,1,0,2,0,0,1,1,0,0,0,0,0,0,0,1,2,0,2,0,0,0,0,1,0,0,0,1,1,1,0,1,0,0,0,2,0,1,1,0,0,0,1,0,0,2,1,1,0,0,0,1,0,0,0,1,1,0,0,1,2,0,1,0,0,0,0,1,0,1,0,0,0,0,0,0,1,0,1,0,0,0,1,0,0,0,0,0,2,1,1,0,0,0,1,1,2,0,0,1,1,0,0,0,2,0,0,1,0,0,0,0,1,1,1,0,0,0,0,0,1,1,0,0,2,0,0,2,1,1,0,0,1,0,1,1,0,1,0,1,0,0,1,1,1,0,0,0,1,0,1,1,0,1,1,0,0,2,0,1
91,0,0,0,0,1,0,0,0,0,0,1,0,2,1,0,0,1,0,1,1,0,0,0,0,1,1,0,0,1,0,0,0,1,0,0,1,0,1,0,1,1,0,0,0,1,0,2,0,0,1,0,1,3,3,2,0,0,0,0,1,0,0,1,0,0,1,0,1,1,0,1,1,0,1,0,2,0,3,0,0,0,1,1,1,0,0,0,1,0,0,0,0,1,1,0,1,0,1,0,2,0,0,0,1,0,0,0,0,0,1,0,0,0,0,2,1,0,1,0,0,0,0,0,1,0,1,0,0,0,0,0,2,0,0,1,0,0,0,0,0,0,2,1,1,0,0,0,1,0,0,0,2,0,0,0,0,1,0,1,0,0,0,0,1,0,1,0,0,0,0,0,0,1,0,0,0,0,0,2,0,0,1,1,0,1,1,1,1,0,0,0,0,0,0,0,0,1,0,0,0,2,1,0,1,0,2,0,0,1,2,1,0,4,1,0,0,2,0,0,1,0,0,0,0,1,0,0,0,1,0,0,0,0,1,0,1,0,1,2,0,0,0,0,0,1,0,0,0,0,0,1,0,0,0,0,0
92,0,0,0,0,0,0,0,0,0,0,0,0,1,1,1,0,0,0,1,1,0,0,1,0,0,0,0,0,1,0,0,0,1,0,1,0,0,1,0,1,0,0,0,1,1,0,0,0,0,0,0,1,1,3,2,2,0,1,0,0,0,0,0,1,0,0,0,0,1,0,0,1,0,1,0,1,0,3,0,1,0,1,1,2,0,0,0,1,1,0,0,0,1,2,0,0,1,0,0,1,0,1,1,0,0,0,0,0,0,1,0,1,0,0,2,1,0,1,0,1,0,0,0,1,1,1,0,1,0,0,0,2,0,1,0,0,0,0,1,0,0,2,0,0,0,0,0,0,0,0,0,2,1,0,0,1,0,0,1,0,0,0,0,1,0,0,0,0,0,0,0,0,0,0,1,0,0,0,1,0,0,1,1,0,1,0,0,1,0,0,0,1,0,0,0,1,0,0,0,0,2,1,0,0,0,2,0,0,0,1,0,1,4,1,0,0,1,2,0,1,1,0,0,3,0,1,0,0,0,0,1,0,1,0,0,0,0,1,1,0,1,0,0,0,1,0,1,1,0,0,1,0,0,2,1,2
93,0,0,0,0,0,0,0,0,0,0,0,0,0,1,1,0,0,1,0,0,0,0,1,1,0,1,1,0,0,0,2,1,0,0,1,0,0,1,0,0,0,0,0,1,0,0,0,0,0,2,0,0,0,0,2,1,0,1,0,0,0,0,1,1,0,0,0,0,0,0,0,2,0,0,0,0,2,0,0,1,0,0,0,0,0,0,0,1,1,0,0,0,0,2,0,1,1,0,1,1,2,1,1,1,0,0,0,1,0,0,0,1,0,0,1,1,0,0,1,1,0,0,0,1,1,2,1,1,0,0,0,1,1,2,1,0,0,1,1,0,0,2,0,0,0,1,0,2,0,1,0,1,1,0,0,1,1,0,0,0,0,0,0,1,0,0,0,0,0,0,0,0,0,0,2,0,0,0,0,0,0,0,0,0,3,0,0,0,0,0,0,1,0,0,0,1,0,0,1,1,1,0,0,0,0,0,0,1,0,0,0,1,0,0,0,0,1,4,0,0,1,0,0,3,0,4,0,0,1,0,1,0,1,0,0,0,0,0,1,0,1,0,0,0,1,0,2,1,1,1,1,0,0,2,1,2
94,0,0,1,0,0,0,0,0,0,1,0,0,0,0,0,0,0,1,0,0,0,0,1,1,0,2,1,0,1,1,2,1,0,0,0,0,0,1,1,1,1,0,0,0,0,1,0,0,0,2,0,0,0,0,0,1,1,0,0,0,0,0,1,0,0,0,0,0,0,0,0,3,0,0,0,0,2,0,0,0,0,0,0,0,0,0,0,1,1,0,0,0,0,1,0,1,0,0,2,2,2,0,1,1,0,0,0,1,0,0,0,1,1,1,1,1,1,0,2,0,1,0,0,2,0,1,1,0,0,0,0,0,1,2,1,1,0,1,1,0,0,1,1,0,0,1,0,2,0,1,0,0,2,0,0,0,2,0,1,0,0,1,0,0,0,0,0,0,0,0,0,0,0,0,1,0,0,0,0,0,0,0,0,1,2,0,0,0,1,0,1,1,1,0,0,0,0,0,2,1,0,1,0,1,0,0,0,1,0,1,0,0,0,0,0,0,1,2,0,1,1,1,0,0,0,5,0,0,1,0,0,1,0,0,0,0,0,0,1,2,0,0,1,0,0,0,1,0,1,2,0,1,0,0,1,0
95,0,0,1,1,0,0,0,0,0,1,0,1,0,1,0,0,0,1,1,0,0,0,1,0,1,1,2,0,2,1,0,0,1,0,0,0,0,0,1,1,1,0,1,0,0,1,0,1,1,0,0,0,0,0,1,2,1,0,0,0,0,0,0,0,0,0,0,0,1,0,1,2,1,0,1,0,0,0,0,0,0,0,0,0,0,0,0,0,1,0,0,0,0,0,0,0,0,0,1,4,0,0,1,0,0,1,0,1,0,0,0,2,1,2,1,0,1,0,1,0,1,0,0,1,0,0,0,0,0,0,1,0,0,0,2,1,0,0,1,0,1,2,1,0,0,1,1,0,0,0,0,0,2,0,0,0,1,0,1,0,0,1,0,0,1,0,0,0,0,0,0,1,0,0,1,1,0,0,0,0,0,0,0,1,0,1,0,0,2,2,1,2,2,0,0,0,2,0,1,0,0,1,0,1,0,0,0,0,0,1,0,0,0,0,0,0,1,0,0,2,1,1,1,0,0,2,0,0,1,0,0,1,0,0,0,0,0,0,0,3,0,1,1,0,0,0,1,0,0,1,0,2,0,0,2,0
96,0,0,0,1,0,0,0,0,0,0,0,1,0,2,1,0,0,1,1,0,1,0,0,0,1,0,1,0,1,0,0,0,1,0,0,0,0,0,0,0,0,0,1,0,0,0,0,2,1,0,0,0,0,0,2,2,0,1,0,0,0,0,0,1,0,0,0,0,1,0,1,1,1,0,1,1,0,0,0,1,0,0,1,0,0,0,0,0,0,0,0,0,0,1,0,0,1,0,0,2,0,1,2,0,0,0,0,1,1,0,0,2,0,1,0,0,0,0,0,1,1,0,0,0,1,1,0,1,0,0,1,1,0,0,1,0,0,0,0,0,1,2,0,0,0,1,1,0,0,0,0,1,1,0,0,2,0,0,0,0,0,0,0,1,1,0,0,0,0,0,0,1,0,0,1,1,0,1,0,0,0,0,0,0,0,1,0,0,1,3,0,3,1,0,0,1,2,1,0,0,0,0,0,0,0,0,0,0,0,0,0,1,0,0,0,0,1,3,0,1,0,0,1,3,0,1,0,0,1,0,1,0,1,0,0,0,0,0,0,2,1,1,0,0,1,0,3,1,0,0,1,2,0,1,3,2
97,0,0,0,0,0,0,0,0,1,1,0,0,0,1,2,0,0,0,1,0,1,0,0,0,0,0,0,0,0,0,1,0,0,0,0,1,1,0,0,0,0,2,0,0,0,1,1,1,0,0,0,0,1,0,1,1,1,1,0,0,2,0,0,1,0,0,2,0,0,0,0,1,0,0,2,2,0,0,0,1,0,0,1,0,0,0,0,0,0,0,0,0,1,1,0,0,1,0,0,0,0,1,1,0,0,0,0,0,1,0,0,2,0,0,0,1,1,0,0,1,1,0,0,0,1,1,0,1,0,0,0,2,1,0,0,0,0,0,0,0,0,1,0,1,1,1,0,0,0,0,0,1,1,0,0,3,0,0,0,0,0,0,0,1,1,0,1,0,0,0,0,0,0,0,0,0,0,1,0,0,0,1,0,1,0,0,0,1,0,1,0,3,0,0,0,1,0,1,0,0,0,0,0,1,0,1,0,2,1,0,2,1,0,0,0,1,0,2,0,0,0,1,0,3,1,1,0,0,0,0,1,0,1,0,0,0,0,1,0,1,1,0,1,2,2,0,1,1,0,0,1,1,1,2,2,3
98,0,0,0,0,2,0,0,0,1,1,0,0,0,0,1,0,1,2,2,1,1,1,1,0,0,0,0,0,1,0,1,0,0,0,0,1,1,0,0,1,0,2,0,0,0,1,2,0,0,0,0,0,3,1,0,0,1,0,0,0,2,0,0,0,0,2,2,0,0,3,0,2,0,1,2,1,0,1,0,0,1,1,0,0,0,0,0,1,0,0,0,1,1,1,0,0,0,0,0,1,0,0,0,0,0,0,0,0,1,0,0,1,0,0,1,2,1,0,0,1,1,0,0,1,0,0,0,0,0,1,0,1,1,0,0,0,0,0,0,0,0,1,0,1,1,1,0,0,0,0,0,0,0,0,0,1,0,0,1,0,1,0,0,0,1,0,1,0,0,0,0,0,0,0,0,0,0,1,0,0,0,1,1,1,0,0,1,2,0,0,0,1,0,0,0,0,2,0,0,0,0,0,0,2,0,2,0,2,1,1,2,0,1,0,0,1,1,0,0,0,1,1,0,0,1,1,0,0,0,0,0,0,1,0,0,0,0,2,1,0,0,1,1,1,1,0,0,0,0,0,0,0,0,1,0,0
99,0,0,0,1,2,0,0,0,0,0,0,1,0,1,0,0,1,3,2,1,1,1,1,0,1,0,1,0,1,0,0,0,1,0,0,0,0,0,0,2,0,0,0,0,0,0,1,1,1,0,0,0,2,1,1,1,0,0,0,0,0,0,0,0,0,2,0,0,1,3,1,1,1,2,0,0,0,1,0,0,1,1,0,0,0,0,0,1,0,0,0,1,0,1,0,0,0,0,0,3,0,0,0,0,0,0,1,1,1,0,0,1,0,1,1,1,0,0,1,1,1,0,0,1,0,0,0,0,0,1,1,0,0,0,1,0,0,0,0,0,1,2,0,0,0,0,1,0,0,0,0,0,0,0,0,0,0,1,1,0,1,0,0,0,0,0,0,0,0,0,0,1,1,0,1,0,0,1,1,0,0,0,1,0,0,1,1,1,0,2,0,1,1,0,0,0,2,0,0,0,0,1,0,1,0,1,0,0,0,2,0,0,1,0,0,0,2,0,1,1,2,0,1,0,0,1,0,0,1,0,0,0,1,0,0,0,0,1,1,1,0,0,0,0,0,0,1,1,0,0,0,1,0,0,1,0
100,0,1,1,1,0,1,0,0,0,1,0,2,0,2,0,0,0,1,1,0,1,1,0,0,1,0,1,0,0,0,0,0,1,0,0,0,0,1,1,1,0,0,0,0,1,0,0,1,1,0,0,1,0,1,1,1,0,0,0,0,0,0,0,0,1,0,1,0,1,2,1,0,1,1,0,0,0,0,0,0,1,1,0,0,0,1,0,2,0,0,1,0,0,0,1,1,0,0,0,2,0,0,0,0,0,0,1,3,0,1,0,1,0,1,0,0,0,0,1,0,1,0,0,1,0,0,0,1,0,0,1,1,0,0,1,0,0,0,0,0,1,1,0,0,0,0,1,0,0,1,0,0,0,0,1,0,0,1,0,0,0,0,0,0,0,0,0,0,0,0,0,1,1,0,3,0,1,0,1,1,1,0,0,0,1,1,0,1,0,3,0,1,2,0,0,0,1,0,0,0,0,1,0,0,1,0,0,0,1,1,0,0,0,0,1,0,1,0,1,2,1,0,1,0,1,1,0,0,1,0,0,0,0,0,0,0,1,0,0,2,0,0,0,0,1,0,2,1,0,0,0,1,0,1,1,1
101,0,1,1,0,1,1,0,0,2,1,1,1,0,1,1,0,0,0,0,2,1,1,0,0,0,0,0,0,0,0,0,0,1,1,0,1,0,1,0,1,0,1,0,0,1,0,0,0,0,0,0,1,0,2,0,1,0,0,0,1,1,1,2,0,1,0,1,0,0,2,0,0,1,1,0,0,0,1,0,2,1,1,1,1,0,1,0,2,0,0,1,0,0,0,1,1,0,0,0,0,0,0,0,0,0,0,0,1,0,1,0,0,0,0,0,1,0,1,0,0,0,0,0,1,0,0,1,1,0,1,2,2,1,0,0,0,0,0,0,0,0,0,0,1,0,0,1,0,0,1,0,0,0,0,0,0,0,1,0,1,0,0,0,0,1,0,0,0,0,0,0,0,0,0,2,0,1,0,0,1,1,0,0,0,2,1,0,1,0,1,0,0,1,0,1,0,0,0,0,0,0,0,0,0,1,1,0,1,1,1,0,0,2,0,1,0,0,0,0,1,1,0,0,0,4,0,0,0,0,0,0,1,0,0,0,0,1,0,2,1,1,0,0,0,1,0,1,0,2,0,0,1,0,1,0,1
102,0,0,0,0,1,1,0,0,2,0,1,0,0,0,1,0,0,0,0,3,0,0,1,0,0,0,0,0,0,1,0,0,1,1,0,1,1,0,0,1,1,1,0,0,1,1,0,0,0,0,0,0,1,1,1,0,0,0,0,1,1,2,2,0,0,0,0,0,1,0,0,1,1,1,0,1,0,3,0,3,0,0,1,2,0,0,0,0,0,0,0,1,0,0,0,0,0,0,0,0,1,0,1,0,0,0,0,1,0,0,0,2,0,0,0,1,0,1,1,0,1,0,0,0,1,0,1,0,0,2,2,1,1,0,0,0,0,0,1,0,0,0,0,1,0,0,2,1,0,0,0,0,0,1,0,0,0,1,0,2,1,0,0,0,1,0,0,1,0,0,0,0,0,1,0,0,0,0,1,0,1,1,0,0,1,1,0,0,0,0,2,0,0,0,1,0,0,0,0,0,0,1,0,1,0,0,0,1,0,2,0,0,3,0,0,0,0,1,1,1,0,0,1,0,3,0,1,0,0,0,0,1,0,1,0,0,0,0,2,0,1,0,1,0,0,0,1,1,2,0,2,1,0,0,0,0
103,0,1,1,0,0,2,0,0,0,1,0,0,0,1,0,0,0,0,0,1,1,1,1,0,0,0,0,0,0,1,0,0,0,0,0,0,1,1,0,0,1,0,0,0,1,1,0,0,0,0,0,0,1,1,1,0,0,0,0,0,0,1,0,0,1,0,1,0,1,2,0,1,0,0,0,1,0,2,0,1,1,1,0,1,0,1,0,2,0,0,1,1,0,0,1,1,0,0,0,0,1,0,0,0,0,0,0,2,0,1,0,2,0,0,0,0,0,0,1,0,1,0,1,1,1,0,0,1,0,1,0,1,0,0,0,0,0,0,1,0,0,0,0,0,0,0,1,1,0,1,0,0,0,1,0,0,0,0,1,1,1,0,0,0,0,0,0,1,0,0,0,1,0,1,3,0,1,0,1,0,2,1,0,0,1,1,0,1,0,1,2,0,1,0,0,0,0,0,0,0,0,1,0,1,0,0,0,0,1,3,0,0,1,0,1,0,0,0,1,2,0,0,1,0,1,0,1,0,0,0,0,1,0,1,1,1,1,0,0,1,0,0,1,0,1,0,1,1,0,0,2,0,0,1,0,1
104,0,1,1,1,1,2,0,0,1,1,0,2,2,2,2,0,1,0,0,0,2,1,1,0,0,0,1,0,0,0,0,0,0,0,0,1,0,1,0,0,0,0,0,0,1,0,1,0,2,0,0,0,0,2,0,0,2,0,0,0,2,0,0,0,1,0,2,0,0,3,0,0,0,0,0,0,0,0,0,0,1,2,0,0,0,1,0,2,1,0,1,1,0,0,1,1,0,0,1,0,0,0,0,0,1,0,0,1,0,1,1,0,0,0,0,0,0,0,0,0,0,0,1,1,0,0,0,1,0,1,0,3,0,0,0,0,0,0,0,1,0,0,0,2,0,0,0,0,0,1,0,0,0,0,0,0,0,0,1,0,1,0,0,0,0,0,0,0,0,0,0,0,0,0,2,0,3,0,0,0,1,0,0,0,2,1,0,2,0,1,0,0,2,1,1,2,0,0,1,0,0,0,0,0,0,0,0,0,1,1,0,0,0,0,2,0,0,0,0,1,0,0,0,0,3,0,0,1,0,0,0,1,0,0,0,1,2,0,0,1,1,1,0,0,1,0,1,0,0,0,0,0,0,1,0,1
105,0,0,0,1,1,1,0,0,1,2,0,1,2,1,2,0,1,0,1,0,1,0,1,0,0,0,1,1,0,0,0,1,0,0,0,2,1,0,0,1,0,0,0,0,1,1,1,0,2,0,0,1,1,1,0,0,3,0,0,0,2,0,1,0,0,0,3,0,1,1,0,1,1,0,0,1,0,0,0,0,0,1,0,0,0,0,0,0,1,1,0,1,0,0,0,0,0,0,1,0,0,0,0,1,1,1,0,0,0,2,1,0,0,0,0,0,1,0,0,0,0,0,0,1,1,1,0,0,0,1,0,2,0,0,1,0,0,0,0,1,0,0,0,3,0,0,1,0,0,0,0,0,0,0,0,1,0,0,1,1,1,0,0,0,0,0,1,0,0,0,0,0,0,0,0,0,1,0,0,1,1,1,1,1,1,0,0,1,0,0,0,0,1,1,1,2,0,0,1,0,0,0,0,0,1,1,1,0,2,2,0,0,0,0,2,0,0,0,1,0,0,1,0,0,2,1,0,1,0,0,0,0,0,0,0,0,2,1,0,0,1,1,0,1,1,0,0,0,0,0,0,1,0,0,0,0
